MEMORY
  total           16750 KB
  struct            159 KB
  buffer           1231 KB
  arena           15360 KB, used 0.3%

SIZES
  narena                15728640
  nbuffer               1260528
  nplugin               0
  maxuse_stack          6076
  maxuse_arena          39584
  maxuse_con            3
  maxuse_efc            35
  ncon                  1
  ne                    2
  nf                    18
  nl                    1
  nefc                  27
  nJ                    756
  nA                    0
  nisland               4
  nidof                 28
  ntree_awake           4
  nbody_awake           29
  nparent_awake         28
  nv_awake              28
  flg_energypos         0
  flg_energyvel         0
  flg_subtreevel        0
  flg_rnepost           0
  threadpool            0

TIMER
    0:  duration =  0.91       number = 20
    1:  duration =  0          number = 0
    2:  duration =  0          number = 0
    3:  duration =  0.79       number = 20
    4:  duration =  0.04       number = 20
    5:  duration =  0.0064     number = 20
    6:  duration =  0.053      number = 20
    7:  duration =  0.017      number = 20
    8:  duration =  0.063      number = 20
    9:  duration =  0.013      number = 20
    10:  duration =  0.66       number = 20
    11:  duration =  0.048      number = 20
    12:  duration =  0.00039    number = 20
    13:  duration =  0.056      number = 20
    14:  duration =  0.3        number = 20

SOLVER STAT
  solver_fwdinv =   0         0       
  ISLAND 0
    solver_niter = 1
    solver_nnz = 36
      0:  improvement =  0.34        gradient =  4.8e-16     lineslope =  0       
          nactive = 6   nchange = 0   neval = 2   nupdate = 0

  ISLAND 3
    solver_niter = 1
    solver_nnz = 36
      0:  improvement =  2.1e-30     gradient =  3.3e-31     lineslope =  2.2e-31 
          nactive = 7   nchange = 0   neval = 2   nupdate = 0

ENERGY =   0         0       

TIME =  1.7e+02 

QPOS
  -0.1     
  -1.6e-05 
  -0.0021  
   1       
   7.5e-05 
   0.00011 
   0.0086  
   0       
   1       
  -1.2     
   0       
   0.5     
   0       
   0.035   
   0.035   
  -5.1e-20 
   1       
  -1.2     
   6.4e-20 
   0.5     
   3.1e-18 
   0.035   
   0.035   
   2.9e-22 
   4.9e-18 
   7.2e-19 
   7e-19   
   2.2e-17 
  -2.8e-18 

QVEL
  -9.2e-05 
  -0.00011 
   0.00015 
  -0.045   
   0.069   
  -7.7e-05 
   0       
   0       
   0       
   0       
   0       
   0       
   0       
   0       
   1.2e-19 
   3.5e-19 
  -8.6e-19 
  -2.5e-19 
   1.5e-18 
  -6.2e-19 
   4.7e-21 
  -3.8e-21 
   1.3e-19 
  -7.9e-19 
   9.2e-18 
   8.4e-19 
  -2.4e-17 
   1.7e-18 

QACC_WARMSTART
   0.024   
  -0.062   
   0.016   
  -39      
  -7.4     
  -0.003   
   0       
   0       
   0       
   0       
   0       
   0       
   0       
   0       
  -2e-18   
  -2.5e-17 
   6e-17   
   5.6e-18 
  -1.1e-16 
   2.8e-17 
  -3.9e-19 
   4.1e-19 
  -1.7e-17 
   1.1e-16 
  -1.3e-15 
  -1.7e-16 
   3.4e-15 
  -2.5e-16 

CTRL
   0       
   1       
  -1.2     
   0       
   0.5     
   0       
   0.035   
   0       
   1       
  -1.2     
   0       
   0.5     
   0       
   0.035   
   0       
   0       
   0       
   0       
   0       
   0       

QFRC_APPLIED
   0       
   0       
   0       
   0       
   0       
   0       
   0       
   0       
   0       
   0       
   0       
   0       
   0       
   0       
   0       
   0       
   0       
   0       
   0       
   0       
   0       
   0       
   0       
   0       
   0       
   0       
   0       
   0       

XFRC_APPLIED
   0         0         0         0         0         0       
   0         0         0         0         0         0       
   0         0         0         0         0         0       
   0         0         0         0         0         0       
   0         0         0         0         0         0       
   0         0         0         0         0         0       
   0         0         0         0         0         0       
   0         0         0         0         0         0       
   0         0         0         0         0         0       
   0         0         0         0         0         0       
   0         0         0         0         0         0       
   0         0         0         0         0         0       
   0         0         0         0         0         0       
   0         0         0         0         0         0       
   0         0         0         0         0         0       
   0         0         0         0         0         0       
   0         0         0         0         0         0       
   0         0         0         0         0         0       
   0         0         0         0         0         0       
   0         0         0         0         0         0       
   0         0         0         0         0         0       
   0         0         0         0         0         0       
   0         0         0         0         0         0       
   0         0         0         0         0         0       
   0         0         0         0         0         0       
   0         0         0         0         0         0       
   0         0         0         0         0         0       
   0         0         0         0         0         0       
   0         0         0         0         0         0       

EQ_ACTIVE             1 1

QACC
   0.024   
  -0.062   
   0.016   
  -39      
  -7.4     
  -0.003   
   0       
   0       
   0       
   0       
   0       
   0       
   0       
   0       
  -2e-18   
  -2.5e-17 
   6e-17   
   5.6e-18 
  -1.1e-16 
   2.8e-17 
  -3.9e-19 
   4.1e-19 
  -1.7e-17 
   1.1e-16 
  -1.3e-15 
  -1.7e-16 
   3.4e-15 
  -2.5e-16 

TREE_ASLEEP
  -11
  -11
  -11
  -11

XPOS
   0         0         0       
   0         0         0       
  -0.1      -1.6e-05  -0.0021  
   0         0         0       
  -0.5      -0.45      0       
  -0.5      -0.45      0.12    
  -0.5      -0.45      0.12    
  -0.5      -0.58      0.38    
  -0.5      -0.34      0.47    
  -0.5      -0.34      0.47    
  -0.5      -0.26      0.45    
  -0.47     -0.12      0.42    
  -0.54     -0.12      0.42    
   0.5      -0.45      0       
   0.5      -0.45      0.12    
   0.5      -0.45      0.12    
   0.5      -0.58      0.38    
   0.5      -0.34      0.47    
   0.5      -0.34      0.47    
   0.5      -0.26      0.45    
   0.53     -0.12      0.42    
   0.46     -0.12      0.42    
   0        -0.45      0       
   0        -0.45      0.12    
   0        -0.45      0.12    
  -3e-05    -0.73      0.15    
  -4e-06    -0.49      0.2     
  -4e-06    -0.49      0.2     
  -0.0014   -0.4       0.2     

XQUAT
   1         0         0         0       
   1         0         0         0       
   1         7.5e-05   0.00011   0.0086  
   1         0         0         0       
   0.71      0         0         0.71    
   1         0         0        -5e-05   
   0.68      0.2      -0.68     -0.2     
   0.47      0.52     -0.47     -0.52    
   0.57     -0.42     -0.42     -0.57    
   0.7      -0.075    -0.7       0.075   
  -0.44      0.55     -0.55     -0.44    
   0.7      -0.075    -0.7       0.075   
  -0.075    -0.7      -0.075    -0.7     
   0.71      0         0         0.71    
   1         0         0        -5e-05   
   0.68      0.2      -0.68     -0.2     
   0.47      0.52     -0.47     -0.52    
   0.57     -0.42     -0.42     -0.57    
   0.7      -0.075    -0.7       0.075   
  -0.44      0.55     -0.55     -0.44    
   0.7      -0.075    -0.7       0.075   
  -0.075    -0.7      -0.075    -0.7     
   0.71      0         0         0.71    
   1         0         0        -5e-05   
   0.5       0.5      -0.5      -0.5     
   0.52      0.47     -0.52     -0.47    
   0.52     -0.48     -0.48     -0.52    
   0.71      0.031    -0.71     -0.031   
  -0.52      0.48     -0.48     -0.52    

XMAT
   1         0         0         0         1         0         0         0         1       
   1         0         0         0         1         0         0         0         1       
   1        -0.017     0.00021   0.017     1        -0.00015  -0.00021   0.00015   1       
   1         0         0         0         1         0         0         0         1       
   9.6e-05  -1         0         1         9.6e-05   0         0         0         1       
   1         0.0001    0        -0.0001    1        -0        -0         0         1       
  -6e-05     8.6e-05  -1        -0.54      0.84      0.0001    0.84      0.54     -4e-06   
  -0.0001   -1.4e-05  -1        -1        -0.099     0.0001   -0.099     1        -4e-06   
  -3.3e-05   1         0.0001   -0.28     -0.00011   0.96      0.96      2.4e-06   0.28    
   1.8e-05   0.0001   -1         0.21      0.98      0.0001    0.98     -0.21     -3.6e-06 
  -1.8e-05  -1         9.7e-05  -0.21      9.9e-05   0.98     -0.98     -2.7e-06  -0.21    
   1.8e-05   9.3e-05  -1         0.21      0.98      9.5e-05   0.98     -0.21     -1.9e-06 
   1.8e-05  -0.0001    1         0.21     -0.98     -0.0001    0.98      0.21      3.7e-06 
   9.6e-05  -1         0         1         9.6e-05   0         0         0         1       
   1         0.0001    0        -0.0001    1        -0        -0         0         1       
  -6e-05     8.6e-05  -1        -0.54      0.84      0.0001    0.84      0.54     -4e-06   
  -0.0001   -1.4e-05  -1        -1        -0.099     0.0001   -0.099     1        -4e-06   
  -3.3e-05   1         0.0001   -0.28     -0.00011   0.96      0.96      2.4e-06   0.28    
   1.8e-05   0.0001   -1         0.21      0.98      0.0001    0.98     -0.21     -3.6e-06 
  -1.8e-05  -1         9.7e-05  -0.21      9.9e-05   0.98     -0.98     -2.7e-06  -0.21    
   1.8e-05   9.3e-05  -1         0.21      0.98      9.5e-05   0.98     -0.21     -1.9e-06 
   1.8e-05  -0.0001    1         0.21     -0.98     -0.0001    0.98      0.21      3.7e-06 
   9.6e-05  -1         0         1         9.6e-05   0         0         0         1       
   1         0.0001    0        -0.0001    1        -0        -0         0         1       
  -0.0001   -4e-06    -1        -1         4.1e-10   0.0001   -8e-12     1        -4e-06   
  -0.0001    6.6e-06  -1        -0.99      0.1       0.0001    0.1       0.99     -4e-06   
  -1.2e-05   1         0.00011  -0.087    -0.00011   1         1         3e-06     0.087   
  -1.2e-05   0.0001   -1        -0.087     1         0.0001    1         0.087    -3.4e-06 
   1.2e-05  -1         9.8e-05   0.087     9.9e-05   1        -1        -3.8e-06   0.087   

XIPOS
   0         0         0       
   0         0.15      0.1     
  -0.1      -2.5e-05   0.059   
   0         0         0.012   
  -0.5      -0.46      0.041   
  -0.5      -0.45      0.11    
  -0.5      -0.53      0.25    
  -0.5      -0.48      0.42    
  -0.5      -0.35      0.47    
  -0.5      -0.29      0.46    
  -0.51     -0.23      0.44    
  -0.46     -0.17      0.43    
  -0.55     -0.17      0.43    
   0.5      -0.46      0.041   
   0.5      -0.45      0.11    
   0.5      -0.53      0.25    
   0.5      -0.48      0.42    
   0.5      -0.35      0.47    
   0.5      -0.29      0.46    
   0.49     -0.23      0.44    
   0.54     -0.17      0.43    
   0.45     -0.17      0.43    
  -2.8e-06  -0.46      0.041   
   0.0013   -0.45      0.11    
  -0.0018   -0.6       0.12    
  -0.00053  -0.63      0.18    
  -0.001    -0.49      0.2     
   0.002    -0.43      0.2     
  -0.014    -0.36      0.21    

XIMAT
   1         0         0         0         1         0         0         0         1       
   1         0         0         0         0        -1         0         1         0       
   1        -0.017     0.00021   0.017     1        -0.00015  -0.00021   0.00015   1       
   0        -1         0         0         0        -1         1         0         0       
  -1         0.0015    0.0007   -0.0016   -0.92     -0.38      9.6e-05  -0.38      0.92    
  -0.0057   -0.34      0.94      1        -0.094    -0.028     0.098     0.93      0.34    
  -1         0.024    -0.00068  -0.02     -0.87     -0.5      -0.012    -0.5       0.87    
  -1         0.03      0.0059    0.0046    0.34     -0.94     -0.03     -0.94     -0.34    
   1        -0.0086    0.0048    0.0096    0.95     -0.3      -0.002     0.3       0.95    
   0.029    -1        -0.004     0.98      0.027     0.21     -0.21     -0.01      0.98    
  -0.085     1        -0.02      0.97      0.079    -0.21     -0.21     -0.038    -0.98    
  -0.98     -0.0079    0.19     -0.18     -0.17     -0.97      0.04     -0.98      0.17    
   0.98     -0.0079    0.19     -0.18     -0.25      0.95      0.039    -0.97     -0.25    
  -1         0.0015    0.0007   -0.0016   -0.92     -0.38      9.6e-05  -0.38      0.92    
  -0.0057   -0.34      0.94      1        -0.094    -0.028     0.098     0.93      0.34    
  -1         0.024    -0.00068  -0.02     -0.87     -0.5      -0.012    -0.5       0.87    
  -1         0.03      0.0059    0.0046    0.34     -0.94     -0.03     -0.94     -0.34    
   1        -0.0086    0.0048    0.0096    0.95     -0.3      -0.002     0.3       0.95    
   0.029    -1        -0.004     0.98      0.027     0.21     -0.21     -0.01      0.98    
  -0.085     1        -0.02      0.97      0.079    -0.21     -0.21     -0.038    -0.98    
  -0.98     -0.0079    0.19     -0.18     -0.17     -0.97      0.04     -0.98      0.17    
   0.98     -0.0079    0.19     -0.18     -0.25      0.95      0.039    -0.97     -0.25    
  -1         0.0015    0.0007   -0.0016   -0.92     -0.38      9.6e-05  -0.38      0.92    
  -0.0057   -0.34      0.94      1        -0.094    -0.028     0.098     0.93      0.34    
  -1         0.024    -0.00073  -0.00038  -0.047    -1        -0.024    -1         0.047   
  -1         0.03      0.0059   -0.0014    0.15     -0.99     -0.03     -0.99     -0.15    
   1        -0.0086    0.0048    0.009     0.99     -0.1      -0.0039    0.1       0.99    
   0.029    -1        -0.004     1         0.029    -0.084     0.084    -0.0016    1       
  -0.085     1        -0.02      0.99      0.087     0.084     0.086    -0.013    -1       

XANCHOR
  -0.1      -1.6e-05  -0.0021  
  -0.5      -0.45      0.12    
  -0.5      -0.45      0.12    
  -0.5      -0.58      0.38    
  -0.5      -0.34      0.47    
  -0.5      -0.34      0.47    
  -0.5      -0.26      0.45    
  -0.5      -0.12      0.42    
  -0.5      -0.12      0.42    
   0.5      -0.45      0.12    
   0.5      -0.45      0.12    
   0.5      -0.58      0.38    
   0.5      -0.34      0.47    
   0.5      -0.34      0.47    
   0.5      -0.26      0.45    
   0.5      -0.12      0.42    
   0.5      -0.12      0.42    
   0        -0.45      0.12    
   0        -0.45      0.12    
  -3e-05    -0.73      0.15    
  -4e-06    -0.49      0.2     
  -4e-06    -0.49      0.2     
  -0.0014   -0.4       0.2     

XAXIS
   0         0         1       
   0         0         1       
  -1         0.0001   -4e-06   
  -1         0.0001   -4e-06   
   0.0001    0.96      0.28    
  -1         0.0001   -3.6e-06 
   9.7e-05   0.98     -0.21    
   1        -9.5e-05   1.9e-06 
  -1         0.0001   -3.7e-06 
   0         0         1       
  -1         0.0001   -4e-06   
  -1         0.0001   -4e-06   
   0.0001    0.96      0.28    
  -1         0.0001   -3.6e-06 
   9.7e-05   0.98     -0.21    
   1        -9.5e-05   1.9e-06 
  -1         0.0001   -3.7e-06 
   0         0         1       
  -1         0.0001   -4e-06   
  -1         0.0001   -4e-06   
   0.00011   1         0.087   
  -1         0.0001   -3.4e-06 
   9.8e-05   1         0.087   

GEOM_XPOS
   0         0        -0.025   
  -0.55     -0.31     -0.4     
   0.55     -0.31     -0.4     
  -0.55      0.31     -0.4     
   0.55      0.31     -0.4     
   0         0        -0.1     
   0         0.9       0.24    
  -1.2       0         0.24    
   1.2       0         0.24    
  -2.4e-08  -0.5       1.1     
   0.59     -0.5       0.57    
  -0.59     -0.5       0.57    
   0.59     -0.38      0.1     
  -0.59     -0.38      0.1     
   0         0.15      0.1     
   0         0.15      0.2     
   0         0.15      0.006   
   0        -0.05      0.1     
   0         0.35      0.1     
  -0.1      -2.5e-05   0.059   
   0         0         0.012   
   0         0         0.012   
  -0.5      -0.46      0.04    
  -0.5      -0.46      0.04    
  -0.5      -0.45      0.12    
  -0.5      -0.45      0.12    
  -0.5      -0.54      0.25    
  -0.45     -0.58      0.37    
  -0.55     -0.58      0.37    
  -0.45     -0.45      0.13    
  -0.55     -0.45      0.13    
  -0.45     -0.56      0.38    
  -0.45     -0.58      0.36    
  -0.45     -0.58      0.38    
  -0.45     -0.56      0.38    
  -0.45     -0.59      0.36    
  -0.45     -0.59      0.39    
  -0.45     -0.59      0.39    
  -0.55     -0.59      0.38    
  -0.55     -0.59      0.38    
  -0.55     -0.57      0.37    
  -0.55     -0.57      0.36    
  -0.55     -0.57      0.39    
  -0.55     -0.57      0.39    
  -0.48     -0.52      0.22    
  -0.48     -0.51      0.22    
  -0.48     -0.54      0.24    
  -0.48     -0.54      0.25    
  -0.52     -0.54      0.25    
  -0.52     -0.52      0.22    
  -0.52     -0.52      0.22    
  -0.45     -0.58      0.38    
  -0.55     -0.58      0.38    
  -0.55     -0.58      0.38    
  -0.48     -0.53      0.23    
  -0.52     -0.54      0.25    
  -0.52     -0.53      0.23    
  -0.5      -0.53      0.25    
  -0.5      -0.53      0.25    
  -0.48     -0.49      0.43    
  -0.48     -0.49      0.43    
  -0.48     -0.49      0.42    
  -0.48     -0.49      0.43    
  -0.48     -0.49      0.43    
  -0.48     -0.48      0.43    
  -0.52     -0.49      0.43    
  -0.52     -0.48      0.43    
  -0.52     -0.49      0.43    
  -0.52     -0.48      0.43    
  -0.52     -0.49      0.43    
  -0.52     -0.49      0.43    
  -0.52     -0.5       0.42    
  -0.5      -0.49      0.43    
  -0.47     -0.56      0.39    
  -0.5      -0.48      0.43    
  -0.53     -0.56      0.39    
  -0.5      -0.43      0.45    
  -0.5      -0.42      0.45    
  -0.5      -0.4       0.45    
  -0.52     -0.58      0.38    
  -0.53     -0.58      0.38    
  -0.53     -0.58      0.38    
  -0.52     -0.59      0.38    
  -0.52     -0.58      0.36    
  -0.52     -0.57      0.39    
  -0.47     -0.58      0.38    
  -0.5      -0.58      0.38    
  -0.5      -0.51      0.41    
  -0.5      -0.37      0.46    
  -0.53     -0.35      0.47    
  -0.5      -0.38      0.49    
  -0.52     -0.35      0.47    
  -0.5      -0.34      0.47    
  -0.51     -0.35      0.47    
  -0.48     -0.33      0.47    
  -0.53     -0.31      0.46    
  -0.47     -0.34      0.47    
  -0.5      -0.31      0.46    
  -0.51     -0.31      0.47    
  -0.5      -0.3       0.46    
  -0.5      -0.27      0.45    
  -0.5      -0.3       0.46    
  -0.5      -0.22      0.47    
  -0.5      -0.22      0.47    
  -0.46     -0.17      0.43    
  -0.46     -0.17      0.43    
  -0.55     -0.17      0.43    
  -0.55     -0.17      0.43    
   0.5      -0.46      0.04    
   0.5      -0.46      0.04    
   0.5      -0.45      0.12    
   0.5      -0.45      0.12    
   0.5      -0.54      0.25    
   0.55     -0.58      0.37    
   0.45     -0.58      0.37    
   0.55     -0.45      0.13    
   0.45     -0.45      0.13    
   0.55     -0.56      0.38    
   0.55     -0.58      0.36    
   0.55     -0.58      0.38    
   0.55     -0.56      0.38    
   0.55     -0.59      0.36    
   0.55     -0.59      0.39    
   0.55     -0.59      0.39    
   0.45     -0.59      0.38    
   0.45     -0.59      0.38    
   0.45     -0.57      0.37    
   0.45     -0.57      0.36    
   0.45     -0.57      0.39    
   0.45     -0.57      0.39    
   0.52     -0.52      0.22    
   0.52     -0.51      0.22    
   0.52     -0.54      0.24    
   0.52     -0.54      0.25    
   0.48     -0.54      0.25    
   0.48     -0.52      0.22    
   0.48     -0.52      0.22    
   0.55     -0.58      0.38    
   0.45     -0.58      0.38    
   0.45     -0.58      0.38    
   0.52     -0.53      0.23    
   0.48     -0.54      0.25    
   0.48     -0.53      0.23    
   0.5      -0.53      0.25    
   0.5      -0.53      0.25    
   0.52     -0.49      0.43    
   0.52     -0.49      0.43    
   0.52     -0.49      0.42    
   0.52     -0.49      0.43    
   0.52     -0.49      0.43    
   0.52     -0.48      0.43    
   0.48     -0.49      0.43    
   0.48     -0.48      0.43    
   0.48     -0.49      0.43    
   0.48     -0.48      0.43    
   0.48     -0.49      0.43    
   0.48     -0.49      0.43    
   0.48     -0.5       0.42    
   0.5      -0.49      0.43    
   0.53     -0.56      0.39    
   0.5      -0.48      0.43    
   0.47     -0.56      0.39    
   0.5      -0.43      0.45    
   0.5      -0.42      0.45    
   0.5      -0.4       0.45    
   0.48     -0.58      0.38    
   0.47     -0.58      0.38    
   0.47     -0.58      0.38    
   0.48     -0.59      0.38    
   0.48     -0.58      0.36    
   0.48     -0.57      0.39    
   0.53     -0.58      0.38    
   0.5      -0.58      0.38    
   0.5      -0.51      0.41    
   0.5      -0.37      0.46    
   0.47     -0.35      0.47    
   0.5      -0.38      0.49    
   0.48     -0.35      0.47    
   0.5      -0.34      0.47    
   0.49     -0.35      0.47    
   0.52     -0.33      0.47    
   0.47     -0.31      0.46    
   0.53     -0.34      0.47    
   0.5      -0.31      0.46    
   0.49     -0.31      0.47    
   0.5      -0.3       0.46    
   0.5      -0.27      0.45    
   0.5      -0.3       0.46    
   0.5      -0.22      0.47    
   0.5      -0.22      0.47    
   0.54     -0.17      0.43    
   0.54     -0.17      0.43    
   0.45     -0.17      0.43    
   0.45     -0.17      0.43    
  -2.9e-06  -0.46      0.04    
  -2.9e-06  -0.46      0.04    
   0.001    -0.45      0.12    
   0.001    -0.45      0.12    
   1.1e-05  -0.6       0.12    
   0.047    -0.73      0.15    
  -0.047    -0.73      0.15    
   0.047    -0.45      0.12    
  -0.047    -0.45      0.12    
   0.047    -0.73      0.16    
   0.047    -0.73      0.14    
   0.047    -0.73      0.15    
   0.047    -0.73      0.16    
   0.047    -0.73      0.14    
   0.047    -0.75      0.15    
   0.047    -0.75      0.15    
  -0.047    -0.74      0.14    
  -0.047    -0.74      0.14    
  -0.047    -0.72      0.15    
  -0.047    -0.72      0.15    
  -0.047    -0.74      0.16    
  -0.047    -0.74      0.16    
   0.02     -0.57      0.12    
   0.02     -0.57      0.12    
   0.02     -0.6       0.11    
   0.02     -0.6       0.11    
  -0.02     -0.61      0.12    
  -0.02     -0.57      0.11    
  -0.02     -0.57      0.12    
   0.047    -0.73      0.15    
  -0.047    -0.73      0.15    
  -0.047    -0.73      0.15    
   0.02     -0.59      0.12    
  -0.02     -0.6       0.12    
  -0.02     -0.59      0.12    
  -0.0011   -0.6       0.12    
  -0.00033  -0.6       0.12    
   0.019    -0.64      0.18    
   0.02     -0.64      0.18    
   0.02     -0.64      0.18    
   0.02     -0.64      0.18    
   0.019    -0.63      0.18    
   0.019    -0.63      0.18    
  -0.019    -0.64      0.18    
  -0.019    -0.63      0.18    
  -0.019    -0.63      0.19    
  -0.019    -0.63      0.18    
  -0.019    -0.63      0.18    
  -0.02     -0.64      0.18    
  -0.02     -0.64      0.18    
   1.4e-06  -0.64      0.18    
   0.026    -0.71      0.16    
  -5.4e-06  -0.63      0.18    
  -0.025    -0.71      0.16    
   0.00073  -0.57      0.19    
  -0.00061  -0.56      0.19    
  -7.8e-06  -0.54      0.19    
  -0.024    -0.73      0.15    
  -0.03     -0.73      0.15    
  -0.027    -0.73      0.15    
  -0.02     -0.75      0.16    
  -0.02     -0.73      0.14    
  -0.02     -0.72      0.16    
   0.027    -0.73      0.15    
   0.0028   -0.73      0.15    
  -0.00056  -0.65      0.17    
   0.0023   -0.52      0.19    
  -0.03     -0.49      0.19    
  -4.5e-06  -0.51      0.22    
  -0.021    -0.49      0.2     
   0.0029   -0.49      0.2     
  -0.0069   -0.49      0.2     
   0.024    -0.47      0.2     
  -0.028    -0.45      0.2     
   0.028    -0.48      0.2     
  -0.0026   -0.45      0.2     
  -0.0074   -0.45      0.21    
  -0.0021   -0.44      0.2     
  -0.0014   -0.41      0.2     
   0.0046   -0.44      0.2     
  -0.0048   -0.36      0.23    
  -0.0048   -0.36      0.23    

GEOM_XMAT
   1         0         0         0         1         0         0         0         1       
   1         0         0         0         1         0         0         0         1       
   1         0         0         0         1         0         0         0         1       
   1         0         0         0         1         0         0         0         1       
   1         0         0         0         1         0         0         0         1       
   1         0         0         0         1         0         0         0         1       
   1         0         0         0         1         0         0         0         1       
   1         0         0         0         1         0         0         0         1       
   1         0         0         0         1         0         0         0         1       
   0         0         1         0        -1         0         1         0         0       
  -1         0         0         0        -1         0         0         0         1       
  -1         0         0         0        -1         0         0         0         1       
   1         0         0         0         0.71     -0.71      0         0.71      0.71    
   1         0         0         0         0.71     -0.71      0         0.71      0.71    
   1         0         0         0         1         0         0         0         1       
   1         0         0         0         1         0         0         0         1       
   1         0         0         0         1         0         0         0         1       
   1         0         0         0         1         0         0         0         1       
   1         0         0         0         1         0         0         0         1       
   1        -0.017     0.00021   0.017     1        -0.00015  -0.00021   0.00015   1       
   1         0         0         0         1         0         0         0         1       
   1         0         0         0         1         0         0         0         1       
  -1         0.00016   0.0011    0.0011   -0.15      0.99      0.00033   0.99      0.15    
  -1         0.00016   0.0011    0.0011   -0.15      0.99      0.00033   0.99      0.15    
   0.0078   -0.032     1         1         0.038    -0.0066   -0.038     1         0.032   
   0.0078   -0.032     1         1         0.038    -0.0066   -0.038     1         0.032   
  -0.0024   -1        -0.00017   0.86     -0.002    -0.51      0.51     -0.0014    0.86    
  -1        -0.0012    0.0071    0.0023   -0.99      0.16      0.0068    0.16      0.99    
  -1         0.0011   -0.0077   -0.0023   -0.99      0.15     -0.0074    0.15      0.99    
  -1        -8e-05    -0.0099    0.0061   -0.79     -0.61     -0.0078   -0.61      0.79    
  -1        -8e-05     0.011    -0.0064   -0.79     -0.61      0.0085   -0.61      0.79    
  -6e-05     8.6e-05  -1        -0.54      0.84      0.0001    0.84      0.54     -4e-06   
  -6e-05     8.6e-05  -1        -0.54      0.84      0.0001    0.84      0.54     -4e-06   
  -1         6e-05    -8.6e-05   0.0001    0.54     -0.84     -4e-06    -0.84     -0.54    
  -6e-05     8.6e-05  -1        -0.54      0.84      0.0001    0.84      0.54     -4e-06   
  -6e-05     8.6e-05  -1        -0.54      0.84      0.0001    0.84      0.54     -4e-06   
  -6e-05     8.6e-05  -1        -0.54      0.84      0.0001    0.84      0.54     -4e-06   
  -6e-05     8.6e-05  -1        -0.54      0.84      0.0001    0.84      0.54     -4e-06   
  -6e-05     8.6e-05  -1        -0.54      0.84      0.0001    0.84      0.54     -4e-06   
  -6e-05     8.6e-05  -1        -0.54      0.84      0.0001    0.84      0.54     -4e-06   
  -6e-05     8.6e-05  -1        -0.54      0.84      0.0001    0.84      0.54     -4e-06   
  -6e-05     8.6e-05  -1        -0.54      0.84      0.0001    0.84      0.54     -4e-06   
  -6e-05     8.6e-05  -1        -0.54      0.84      0.0001    0.84      0.54     -4e-06   
  -6e-05     8.6e-05  -1        -0.54      0.84      0.0001    0.84      0.54     -4e-06   
  -6e-05     8.6e-05  -1        -0.54      0.84      0.0001    0.84      0.54     -4e-06   
  -6e-05     8.6e-05  -1        -0.54      0.84      0.0001    0.84      0.54     -4e-06   
  -6e-05     8.6e-05  -1        -0.54      0.84      0.0001    0.84      0.54     -4e-06   
  -6e-05     8.6e-05  -1        -0.54      0.84      0.0001    0.84      0.54     -4e-06   
  -6e-05     8.6e-05  -1        -0.54      0.84      0.0001    0.84      0.54     -4e-06   
  -6e-05     8.6e-05  -1        -0.54      0.84      0.0001    0.84      0.54     -4e-06   
  -6e-05     8.6e-05  -1        -0.54      0.84      0.0001    0.84      0.54     -4e-06   
  -1         6e-05    -8.6e-05   0.0001    0.54     -0.84     -4e-06    -0.84     -0.54    
  -1         6e-05    -8.6e-05   0.0001    0.54     -0.84     -4e-06    -0.84     -0.54    
  -1         6e-05    -8.6e-05   0.0001    0.54     -0.84     -4e-06    -0.84     -0.54    
  -1        -8.1e-05  -6.7e-05   0.0001   -0.79     -0.61     -4e-06    -0.61      0.79    
  -6e-05     8.6e-05  -1        -0.54      0.84      0.0001    0.84      0.54     -4e-06   
  -1        -8.1e-05  -6.7e-05   0.0001   -0.79     -0.61     -4e-06    -0.61      0.79    
   0.03     -1         0.0062    0.87      0.023    -0.49      0.49      0.02      0.87    
   0.0082   -1         0.0025    0.87      0.0059   -0.49      0.49      0.0062    0.87    
  -1         3.3e-05   0.079    -0.076     0.28     -0.96     -0.022    -0.96     -0.28    
  -0.0001   -1.4e-05  -1        -1        -0.099     0.0001   -0.099     1        -4e-06   
  -0.0001   -1.4e-05  -1        -1        -0.099     0.0001   -0.099     1        -4e-06   
  -0.0001   -1.4e-05  -1        -1        -0.099     0.0001   -0.099     1        -4e-06   
  -0.0001   -1.4e-05  -1        -1        -0.099     0.0001   -0.099     1        -4e-06   
  -0.0001   -1.4e-05  -1        -1        -0.099     0.0001   -0.099     1        -4e-06   
  -1         3.3e-05  -0.08      0.077     0.28     -0.96      0.022    -0.96     -0.28    
  -0.0001   -1.4e-05  -1        -1        -0.099     0.0001   -0.099     1        -4e-06   
  -0.0001   -1.4e-05  -1        -1        -0.099     0.0001   -0.099     1        -4e-06   
  -0.0001   -1.4e-05  -1        -1        -0.099     0.0001   -0.099     1        -4e-06   
  -0.0001   -1.4e-05  -1        -1        -0.099     0.0001   -0.099     1        -4e-06   
  -0.0001   -1.4e-05  -1        -1        -0.099     0.0001   -0.099     1        -4e-06   
  -0.0001   -1.4e-05  -1        -1        -0.099     0.0001   -0.099     1        -4e-06   
  -0.00053  -1         0.00027  -0.28     -0.00012  -0.96      0.96     -0.00058  -0.28    
  -0.96      0.013     0.27     -0.2       0.63     -0.75     -0.18     -0.78     -0.6     
  -3.3e-05  -1        -0.00031  -0.28      0.00031  -0.96      0.96      5.7e-05  -0.28    
  -0.96     -0.018    -0.27      0.2       0.63     -0.75      0.18     -0.78     -0.6     
   0.031    -1         3.3e-05  -0.96     -0.03      0.28     -0.28     -0.0089   -0.96    
  -0.0019   -0.77      0.64     -0.96      0.18      0.22     -0.28     -0.61     -0.74    
  -9.9e-05  -0.81     -0.58     -0.96     -0.16      0.23     -0.28      0.56     -0.78    
  -1         7.2e-05  -0.0041    0.0031    0.66     -0.75      0.0027   -0.75     -0.66    
  -1         0.0001    1.4e-05   0.0001    1         0.099    -4e-06     0.099    -1       
  -1         0.0001    1.4e-05   0.0001    1         0.099    -4e-06     0.099    -1       
  -0.0001   -1.4e-05  -1        -1        -0.099     0.0001   -0.099     1        -4e-06   
  -0.0001   -1.4e-05  -1        -1        -0.099     0.0001   -0.099     1        -4e-06   
  -0.0001   -1.4e-05  -1        -1        -0.099     0.0001   -0.099     1        -4e-06   
  -1         7.6e-05   0.0019    0.0013    0.75      0.66     -0.0014    0.66     -0.75    
  -1        -0.0089   -0.0005   -0.007     0.75      0.66     -0.0055    0.66     -0.75    
  -0.018    -1        -0.0078   -0.4       0.014    -0.92      0.92     -0.014    -0.4     
   0.0001   -1         0.037     0.95     -0.011    -0.3       0.3       0.035     0.95    
   1         3.3e-05  -0.073     0.07      0.28      0.96      0.021    -0.96      0.28    
   0.0001    3.3e-05  -1         0.96      0.28      0.00011   0.28     -0.96     -2.4e-06 
   1         0.0001    0.0028    0.00064   0.96     -0.27     -0.0027    0.27      0.96    
   1         2.6e-06   0.00011  -0.00011   0.0012    1         2.4e-06  -1         0.0012  
   0.027     0.83     -0.55     -0.15      0.55      0.82      0.99      0.061     0.14    
  -1        -1.8e-05   0.011    -0.011    -0.21     -0.98      0.0023   -0.98      0.21    
  -1        -0.0001    1.8e-05   0.0001   -0.98      0.21     -3.6e-06   0.21      0.98    
  -1        -1.8e-05   0.063    -0.062    -0.21     -0.98      0.013    -0.98      0.21    
   0.036    -0.11     -0.99      0.98     -0.21      0.058    -0.21     -0.97      0.096   
   0.092    -0.82      0.56      0.99      0.12      0.012    -0.077     0.55      0.83    
   0.0095   -1        -0.0009    0.97      0.009     0.22     -0.22     -0.003     0.97    
  -5.6e-05   0.26     -0.97      0.98     -0.2      -0.055    -0.21     -0.94     -0.25    
  -0.9       0.15      0.41     -0.43     -0.15     -0.89     -0.071    -0.98      0.2     
   0.016     0.98      0.21      1        -0.017     0.0074    0.011     0.21     -0.98    
   0.016     0.98      0.21      1        -0.017     0.0074    0.011     0.21     -0.98    
  -0.98     -0.0056    0.19     -0.18     -0.19     -0.96      0.041    -0.98      0.19    
  -0.98     -0.0056    0.19     -0.18     -0.19     -0.96      0.041    -0.98      0.19    
   0.98     -0.0056    0.19     -0.19     -0.23      0.96      0.038    -0.97     -0.23    
   0.98     -0.0056    0.19     -0.19     -0.23      0.96      0.038    -0.97     -0.23    
  -1         0.00016   0.0011    0.0011   -0.15      0.99      0.00033   0.99      0.15    
  -1         0.00016   0.0011    0.0011   -0.15      0.99      0.00033   0.99      0.15    
   0.0078   -0.032     1         1         0.038    -0.0066   -0.038     1         0.032   
   0.0078   -0.032     1         1         0.038    -0.0066   -0.038     1         0.032   
  -0.0024   -1        -0.00017   0.86     -0.002    -0.51      0.51     -0.0014    0.86    
  -1        -0.0012    0.0071    0.0023   -0.99      0.16      0.0068    0.16      0.99    
  -1         0.0011   -0.0077   -0.0023   -0.99      0.15     -0.0074    0.15      0.99    
  -1        -8e-05    -0.0099    0.0061   -0.79     -0.61     -0.0078   -0.61      0.79    
  -1        -8e-05     0.011    -0.0064   -0.79     -0.61      0.0085   -0.61      0.79    
  -6e-05     8.6e-05  -1        -0.54      0.84      0.0001    0.84      0.54     -4e-06   
  -6e-05     8.6e-05  -1        -0.54      0.84      0.0001    0.84      0.54     -4e-06   
  -1         6e-05    -8.6e-05   0.0001    0.54     -0.84     -4e-06    -0.84     -0.54    
  -6e-05     8.6e-05  -1        -0.54      0.84      0.0001    0.84      0.54     -4e-06   
  -6e-05     8.6e-05  -1        -0.54      0.84      0.0001    0.84      0.54     -4e-06   
  -6e-05     8.6e-05  -1        -0.54      0.84      0.0001    0.84      0.54     -4e-06   
  -6e-05     8.6e-05  -1        -0.54      0.84      0.0001    0.84      0.54     -4e-06   
  -6e-05     8.6e-05  -1        -0.54      0.84      0.0001    0.84      0.54     -4e-06   
  -6e-05     8.6e-05  -1        -0.54      0.84      0.0001    0.84      0.54     -4e-06   
  -6e-05     8.6e-05  -1        -0.54      0.84      0.0001    0.84      0.54     -4e-06   
  -6e-05     8.6e-05  -1        -0.54      0.84      0.0001    0.84      0.54     -4e-06   
  -6e-05     8.6e-05  -1        -0.54      0.84      0.0001    0.84      0.54     -4e-06   
  -6e-05     8.6e-05  -1        -0.54      0.84      0.0001    0.84      0.54     -4e-06   
  -6e-05     8.6e-05  -1        -0.54      0.84      0.0001    0.84      0.54     -4e-06   
  -6e-05     8.6e-05  -1        -0.54      0.84      0.0001    0.84      0.54     -4e-06   
  -6e-05     8.6e-05  -1        -0.54      0.84      0.0001    0.84      0.54     -4e-06   
  -6e-05     8.6e-05  -1        -0.54      0.84      0.0001    0.84      0.54     -4e-06   
  -6e-05     8.6e-05  -1        -0.54      0.84      0.0001    0.84      0.54     -4e-06   
  -6e-05     8.6e-05  -1        -0.54      0.84      0.0001    0.84      0.54     -4e-06   
  -6e-05     8.6e-05  -1        -0.54      0.84      0.0001    0.84      0.54     -4e-06   
  -1         6e-05    -8.6e-05   0.0001    0.54     -0.84     -4e-06    -0.84     -0.54    
  -1         6e-05    -8.6e-05   0.0001    0.54     -0.84     -4e-06    -0.84     -0.54    
  -1         6e-05    -8.6e-05   0.0001    0.54     -0.84     -4e-06    -0.84     -0.54    
  -1        -8.1e-05  -6.7e-05   0.0001   -0.79     -0.61     -4e-06    -0.61      0.79    
  -6e-05     8.6e-05  -1        -0.54      0.84      0.0001    0.84      0.54     -4e-06   
  -1        -8.1e-05  -6.7e-05   0.0001   -0.79     -0.61     -4e-06    -0.61      0.79    
   0.03     -1         0.0062    0.87      0.023    -0.49      0.49      0.02      0.87    
   0.0082   -1         0.0025    0.87      0.0059   -0.49      0.49      0.0062    0.87    
  -1         3.3e-05   0.079    -0.076     0.28     -0.96     -0.022    -0.96     -0.28    
  -0.0001   -1.4e-05  -1        -1        -0.099     0.0001   -0.099     1        -4e-06   
  -0.0001   -1.4e-05  -1        -1        -0.099     0.0001   -0.099     1        -4e-06   
  -0.0001   -1.4e-05  -1        -1        -0.099     0.0001   -0.099     1        -4e-06   
  -0.0001   -1.4e-05  -1        -1        -0.099     0.0001   -0.099     1        -4e-06   
  -0.0001   -1.4e-05  -1        -1        -0.099     0.0001   -0.099     1        -4e-06   
  -1         3.3e-05  -0.08      0.077     0.28     -0.96      0.022    -0.96     -0.28    
  -0.0001   -1.4e-05  -1        -1        -0.099     0.0001   -0.099     1        -4e-06   
  -0.0001   -1.4e-05  -1        -1        -0.099     0.0001   -0.099     1        -4e-06   
  -0.0001   -1.4e-05  -1        -1        -0.099     0.0001   -0.099     1        -4e-06   
  -0.0001   -1.4e-05  -1        -1        -0.099     0.0001   -0.099     1        -4e-06   
  -0.0001   -1.4e-05  -1        -1        -0.099     0.0001   -0.099     1        -4e-06   
  -0.0001   -1.4e-05  -1        -1        -0.099     0.0001   -0.099     1        -4e-06   
  -0.00053  -1         0.00027  -0.28     -0.00012  -0.96      0.96     -0.00058  -0.28    
  -0.96      0.013     0.27     -0.2       0.63     -0.75     -0.18     -0.78     -0.6     
  -3.3e-05  -1        -0.00031  -0.28      0.00031  -0.96      0.96      5.7e-05  -0.28    
  -0.96     -0.018    -0.27      0.2       0.63     -0.75      0.18     -0.78     -0.6     
   0.031    -1         3.3e-05  -0.96     -0.03      0.28     -0.28     -0.0089   -0.96    
  -0.0019   -0.77      0.64     -0.96      0.18      0.22     -0.28     -0.61     -0.74    
  -9.9e-05  -0.81     -0.58     -0.96     -0.16      0.23     -0.28      0.56     -0.78    
  -1         7.2e-05  -0.0041    0.0031    0.66     -0.75      0.0027   -0.75     -0.66    
  -1         0.0001    1.4e-05   0.0001    1         0.099    -4e-06     0.099    -1       
  -1         0.0001    1.4e-05   0.0001    1         0.099    -4e-06     0.099    -1       
  -0.0001   -1.4e-05  -1        -1        -0.099     0.0001   -0.099     1        -4e-06   
  -0.0001   -1.4e-05  -1        -1        -0.099     0.0001   -0.099     1        -4e-06   
  -0.0001   -1.4e-05  -1        -1        -0.099     0.0001   -0.099     1        -4e-06   
  -1         7.6e-05   0.0019    0.0013    0.75      0.66     -0.0014    0.66     -0.75    
  -1        -0.0089   -0.0005   -0.007     0.75      0.66     -0.0055    0.66     -0.75    
  -0.018    -1        -0.0078   -0.4       0.014    -0.92      0.92     -0.014    -0.4     
   0.0001   -1         0.037     0.95     -0.011    -0.3       0.3       0.035     0.95    
   1         3.3e-05  -0.073     0.07      0.28      0.96      0.021    -0.96      0.28    
   0.0001    3.3e-05  -1         0.96      0.28      0.00011   0.28     -0.96     -2.4e-06 
   1         0.0001    0.0028    0.00064   0.96     -0.27     -0.0027    0.27      0.96    
   1         2.6e-06   0.00011  -0.00011   0.0012    1         2.4e-06  -1         0.0012  
   0.027     0.83     -0.55     -0.15      0.55      0.82      0.99      0.061     0.14    
  -1        -1.8e-05   0.011    -0.011    -0.21     -0.98      0.0023   -0.98      0.21    
  -1        -0.0001    1.8e-05   0.0001   -0.98      0.21     -3.6e-06   0.21      0.98    
  -1        -1.8e-05   0.063    -0.062    -0.21     -0.98      0.013    -0.98      0.21    
   0.036    -0.11     -0.99      0.98     -0.21      0.058    -0.21     -0.97      0.096   
   0.092    -0.82      0.56      0.99      0.12      0.012    -0.077     0.55      0.83    
   0.0095   -1        -0.0009    0.97      0.009     0.22     -0.22     -0.003     0.97    
  -5.6e-05   0.26     -0.97      0.98     -0.2      -0.055    -0.21     -0.94     -0.25    
  -0.9       0.15      0.41     -0.43     -0.15     -0.89     -0.071    -0.98      0.2     
   0.016     0.98      0.21      1        -0.017     0.0074    0.011     0.21     -0.98    
   0.016     0.98      0.21      1        -0.017     0.0074    0.011     0.21     -0.98    
  -0.98     -0.0056    0.19     -0.18     -0.19     -0.96      0.041    -0.98      0.19    
  -0.98     -0.0056    0.19     -0.18     -0.19     -0.96      0.041    -0.98      0.19    
   0.98     -0.0056    0.19     -0.19     -0.23      0.96      0.038    -0.97     -0.23    
   0.98     -0.0056    0.19     -0.19     -0.23      0.96      0.038    -0.97     -0.23    
  -1         0.00016   0.0011    0.0011   -0.15      0.99      0.00033   0.99      0.15    
  -1         0.00016   0.0011    0.0011   -0.15      0.99      0.00033   0.99      0.15    
   0.0078   -0.032     1         1         0.038    -0.0066   -0.038     1         0.032   
   0.0078   -0.032     1         1         0.038    -0.0066   -0.038     1         0.032   
  -0.0025   -1        -0.00022   0.037     0.00013  -1         1        -0.0025    0.037   
  -1        -0.0012    0.007    -0.0045   -0.66     -0.75      0.0056   -0.75      0.66    
  -1         0.0011   -0.0078    0.0051   -0.66     -0.75     -0.006    -0.75      0.66    
  -1         1.3e-05  -0.01      0.0099    0.088    -1         0.00086  -1        -0.088   
  -1         1.3e-05   0.011    -0.011     0.088    -1        -0.00095  -1        -0.088   
  -0.0001   -4e-06    -1        -1         4.1e-10   0.0001   -8e-12     1        -4e-06   
  -0.0001   -4e-06    -1        -1         4.1e-10   0.0001   -8e-12     1        -4e-06   
  -1         0.0001    4e-06     0.0001    1        -4.1e-10  -4e-06     8e-12    -1       
  -0.0001   -4e-06    -1        -1         4.1e-10   0.0001   -8e-12     1        -4e-06   
  -0.0001   -4e-06    -1        -1         4.1e-10   0.0001   -8e-12     1        -4e-06   
  -0.0001   -4e-06    -1        -1         4.1e-10   0.0001   -8e-12     1        -4e-06   
  -0.0001   -4e-06    -1        -1         4.1e-10   0.0001   -8e-12     1        -4e-06   
  -0.0001   -4e-06    -1        -1         4.1e-10   0.0001   -8e-12     1        -4e-06   
  -0.0001   -4e-06    -1        -1         4.1e-10   0.0001   -8e-12     1        -4e-06   
  -0.0001   -4e-06    -1        -1         4.1e-10   0.0001   -8e-12     1        -4e-06   
  -0.0001   -4e-06    -1        -1         4.1e-10   0.0001   -8e-12     1        -4e-06   
  -0.0001   -4e-06    -1        -1         4.1e-10   0.0001   -8e-12     1        -4e-06   
  -0.0001   -4e-06    -1        -1         4.1e-10   0.0001   -8e-12     1        -4e-06   
  -0.0001   -4e-06    -1        -1         4.1e-10   0.0001   -8e-12     1        -4e-06   
  -0.0001   -4e-06    -1        -1         4.1e-10   0.0001   -8e-12     1        -4e-06   
  -0.0001   -4e-06    -1        -1         4.1e-10   0.0001   -8e-12     1        -4e-06   
  -0.0001   -4e-06    -1        -1         4.1e-10   0.0001   -8e-12     1        -4e-06   
  -0.0001   -4e-06    -1        -1         4.1e-10   0.0001   -8e-12     1        -4e-06   
  -0.0001   -4e-06    -1        -1         4.1e-10   0.0001   -8e-12     1        -4e-06   
  -0.0001   -4e-06    -1        -1         4.1e-10   0.0001   -8e-12     1        -4e-06   
  -1         0.0001    4e-06     0.0001    1        -4.1e-10  -4e-06     8e-12    -1       
  -1         0.0001    4e-06     0.0001    1        -4.1e-10  -4e-06     8e-12    -1       
  -1         0.0001    4e-06     0.0001    1        -4.1e-10  -4e-06     8e-12    -1       
  -1         1.2e-05  -0.0001    0.0001    0.081    -1        -4e-06    -1        -0.081   
  -0.0001   -4e-06    -1        -1         4.1e-10   0.0001   -8e-12     1        -4e-06   
  -1         1.2e-05  -0.0001    0.0001    0.081    -1        -4e-06    -1        -0.081   
   0.03     -1         0.0061    0.063    -0.0042   -1         1         0.03      0.063   
   0.0081   -1         0.0025    0.058    -0.002    -1         1         0.0082    0.058   
  -1         1.2e-05   0.079    -0.079     0.081    -0.99     -0.0065   -1        -0.081   
  -0.0001    6.6e-06  -1        -0.99      0.1       0.0001    0.1       0.99     -4e-06   
  -0.0001    6.6e-06  -1        -0.99      0.1       0.0001    0.1       0.99     -4e-06   
  -0.0001    6.6e-06  -1        -0.99      0.1       0.0001    0.1       0.99     -4e-06   
  -0.0001    6.6e-06  -1        -0.99      0.1       0.0001    0.1       0.99     -4e-06   
  -0.0001    6.6e-06  -1        -0.99      0.1       0.0001    0.1       0.99     -4e-06   
  -1         1.2e-05  -0.08      0.079     0.081    -0.99      0.0064   -1        -0.081   
  -0.0001    6.6e-06  -1        -0.99      0.1       0.0001    0.1       0.99     -4e-06   
  -0.0001    6.6e-06  -1        -0.99      0.1       0.0001    0.1       0.99     -4e-06   
  -0.0001    6.6e-06  -1        -0.99      0.1       0.0001    0.1       0.99     -4e-06   
  -0.0001    6.6e-06  -1        -0.99      0.1       0.0001    0.1       0.99     -4e-06   
  -0.0001    6.6e-06  -1        -0.99      0.1       0.0001    0.1       0.99     -4e-06   
  -0.0001    6.6e-06  -1        -0.99      0.1       0.0001    0.1       0.99     -4e-06   
  -0.00051  -1         0.00027  -0.081    -0.00023  -1         1        -0.00053  -0.081   
  -0.96      0.013     0.27     -0.24      0.46     -0.85     -0.14     -0.89     -0.44    
  -1.3e-05  -1        -0.00032  -0.087     0.00032  -1         1         1.5e-05  -0.087   
  -0.96     -0.018    -0.27      0.23      0.46     -0.86      0.14     -0.89     -0.44    
   0.031    -1         1.3e-05  -1        -0.031     0.087    -0.087    -0.0027   -1       
  -0.0019   -0.77      0.64     -1         0.055     0.064    -0.085    -0.63     -0.77    
  -0.0001   -0.81     -0.58     -1        -0.05      0.071    -0.087     0.58     -0.81    
  -1         5.5e-05  -0.0041    0.0036    0.5      -0.87      0.002    -0.87     -0.5     
  -1         0.0001   -6.6e-06   0.0001    0.99     -0.1      -4e-06    -0.1      -0.99    
  -1         0.0001   -6.6e-06   0.0001    0.99     -0.1      -4e-06    -0.1      -0.99    
  -0.0001    6.6e-06  -1        -0.99      0.1       0.0001    0.1       0.99     -4e-06   
  -0.0001    6.6e-06  -1        -0.99      0.1       0.0001    0.1       0.99     -4e-06   
  -0.0001    6.6e-06  -1        -0.99      0.1       0.0001    0.1       0.99     -4e-06   
  -1         8.9e-05   0.0019    0.001     0.87      0.5      -0.0016    0.5      -0.87    
  -1        -0.0088   -0.00052  -0.0079    0.87      0.5      -0.0039    0.5      -0.87    
  -0.018    -1        -0.0078   -0.21      0.011    -0.98      0.98     -0.016    -0.21    
   0.00011  -1         0.037     0.99     -0.0037   -0.1       0.1       0.037     0.99    
   1         1.2e-05  -0.073     0.072     0.087     0.99      0.0063   -1         0.087   
   0.00011   1.2e-05  -1         1         0.087     0.00011   0.087    -1        -3e-06   
   1         0.00011   0.0028    8.5e-05   1        -0.068    -0.0028    0.068     1       
   1        -1.8e-05   0.00011  -0.00011  -0.2       0.98      3e-06    -0.98     -0.2     
   0.027     0.83     -0.55      0.049     0.55      0.83      1        -0.05     -0.026   
  -1         1.2e-05   0.011    -0.011     0.087    -1        -0.00096  -1        -0.087   
  -1        -0.0001   -1.2e-05   0.0001   -1        -0.087    -3.4e-06  -0.087     1       
  -1         1.2e-05   0.063    -0.063     0.087    -0.99     -0.0055   -1        -0.087   
   0.036    -0.11     -0.99      1         0.087     0.027     0.083    -0.99      0.11    
   0.092    -0.82      0.56      0.97     -0.049    -0.23      0.22      0.56      0.8     
   0.0095   -1        -0.00093   1         0.0095   -0.075     0.075    -0.00022   1       
  -5.5e-05   0.26     -0.97      1         0.084     0.023     0.087    -0.96     -0.26    
  -0.9       0.15      0.41     -0.39      0.15     -0.91     -0.19     -0.98     -0.077   
   0.016     0.98      0.21      0.95     -0.078     0.3       0.31      0.19     -0.93    
   0.016     0.98      0.21      0.95     -0.078     0.3       0.31      0.19     -0.93    

SITE_XPOS
   0         0         0       
   0         0        -0.75    
  -0.5      -0.45      0       
  -0.5      -0.12      0.42    
   0.5      -0.45      0       
   0.5      -0.12      0.42    
   0        -0.45      0       
  -0.0026   -0.44      0.2     
  -0.0026   -0.44      0.17    
  -0.0026   -0.44      0.17    
  -0.0026   -0.44      0.23    
  -0.0026   -0.44      0.23    

SITE_XMAT
   1         0         0         0         1         0         0         0         1       
   1         0         0         0         1         0         0         0         1       
   9.6e-05  -1         0         1         9.6e-05   0         0         0         1       
  -1.8e-05  -1         9.7e-05  -0.21      9.9e-05   0.98     -0.98     -2.7e-06  -0.21    
   9.6e-05  -1         0         1         9.6e-05   0         0         0         1       
  -1.8e-05  -1         9.7e-05  -0.21      9.9e-05   0.98     -0.98     -2.7e-06  -0.21    
   9.6e-05  -1         0         1         9.6e-05   0         0         0         1       
  -1         1.2e-05  -9.8e-05   9.9e-05   0.087    -1        -3.8e-06  -1        -0.087   
  -1         1.2e-05  -9.8e-05   9.9e-05   0.087    -1        -3.8e-06  -1        -0.087   
  -1.2e-05   9.8e-05  -1        -0.087     1         9.9e-05   1         0.087    -3.8e-06 
  -1         1.2e-05  -9.8e-05   9.9e-05   0.087    -1        -3.8e-06  -1        -0.087   
  -1.2e-05   9.8e-05  -1        -0.087     1         9.9e-05   1         0.087    -3.8e-06 

CAM_XPOS
   0        -0.3       1       
   0        -0.38      0.032   
  -0.5      -0.2       0.53    
   0.5      -0.2       0.53    
  -0.0026   -0.44      0.17    
  -0.0026   -0.44      0.23    

CAM_XMAT
   1         0         0         0         0.91     -0.42      0         0.42      0.91    
   1         0         0         0        -0.095    -1         0         1        -0.095   
   1         0.00078   0.00027  -0.00032   0.67     -0.74     -0.00076   0.74      0.67    
   1         0.00078   0.00027  -0.00032   0.67     -0.74     -0.00076   0.74      0.67    
  -1.2e-05  -9.8e-05   1        -0.087    -1        -9.9e-05   1        -0.087     3.8e-06 
  -1.2e-05  -9.8e-05   1        -0.087    -1        -9.9e-05   1        -0.087     3.8e-06 

LIGHT_XPOS
   0         1         1.5     

LIGHT_XDIR
   0         0        -1       

SUBTREE_COM
  -0.0018    0.036     0.15    
   0         0.15      0.1     
  -0.1      -2.5e-05   0.059   
   0         0         0.012   
  -0.51     -0.33      0.38    
  -0.51     -0.32      0.4     
  -0.51     -0.31      0.41    
  -0.51     -0.28      0.44    
  -0.51     -0.24      0.45    
  -0.51     -0.23      0.44    
  -0.51     -0.22      0.44    
  -0.46     -0.17      0.43    
  -0.55     -0.17      0.43    
   0.49     -0.33      0.38    
   0.49     -0.32      0.4     
   0.49     -0.31      0.41    
   0.49     -0.28      0.44    
   0.49     -0.24      0.45    
   0.49     -0.23      0.44    
   0.49     -0.22      0.44    
   0.54     -0.17      0.43    
   0.45     -0.17      0.43    
  -0.0072   -0.45      0.17    
  -0.0078   -0.45      0.18    
  -0.0082   -0.45      0.19    
  -0.0092   -0.42      0.2     
  -0.011    -0.38      0.2     
  -0.012    -0.37      0.2     
  -0.014    -0.36      0.21    

CDOF
   0         0         0         1         0         0       
   0         0         0         0         1         0       
   0         0         0         0         0         1       
   1         0.017    -0.00021   0.0011   -0.061    -9.3e-06 
  -0.017     1         0.00015   0.061     0.0011   -1.3e-05 
   0.00021  -0.00015   1         5.1e-21  -6.1e-18  -9.1e-22 
   0         0         1        -0.12     -0.0071    0       
  -1         0.0001   -4e-06     2.7e-05   0.25     -0.12    
  -1         0.0001   -4e-06     9.6e-07  -0.00041  -0.25    
   0.0001    0.96      0.28     -0.093    -0.002     0.0068  
  -1         0.0001   -3.6e-06  -9.5e-06  -0.093    -0.015   
   9.7e-05   0.98     -0.21     -0.087     0.0012    0.0055  
   0         0         0         1        -9.5e-05   1.9e-06 
   0         0         0        -1         0.0001   -3.7e-06 
   0         0         1        -0.12     -0.0071    0       
  -1         0.0001   -4e-06     2.7e-05   0.25     -0.12    
  -1         0.0001   -4e-06     9.6e-07  -0.00041  -0.25    
   0.0001    0.96      0.28     -0.093    -0.002     0.0068  
  -1         0.0001   -3.6e-06  -9.5e-06  -0.093    -0.015   
   9.7e-05   0.98     -0.21     -0.087     0.0012    0.0055  
   0         0         0         1        -9.5e-05   1.9e-06 
   0         0         0        -1         0.0001   -3.7e-06 
   0         0         1        -0.0018   -0.0072    0       
  -1         0.0001   -4e-06     5.4e-06   0.052    -0.0018  
  -1         0.0001   -4e-06     3.5e-06   0.023    -0.29    
   0.00011   1         0.087    -0.024    -0.00063   0.0072  
  -1         0.0001   -3.4e-06  -2e-06    -0.021    -0.038   
   9.8e-05   1         0.087    -0.024    -0.0005    0.0058  

CINERT
   0         0         0         0         0         0         0         0         0         0       
   0.74      0.19      0.64      0         0         0         0         0         0         25      
   0.0001    0.0001    1.6e-05   2.8e-12  -1.9e-08   1.3e-08   0         2.7e-22   5.6e-19   0.08    
   2.2e-07   2.2e-07   4.4e-07   0         0         0         0         0         0         0.001   
   0.021     0.019     0.003     0.00015   0.00039  -0.0071    0.0011   -0.021    -0.055     0.16    
   0.0083    0.0069    0.0015    9.9e-05   0.00021  -0.0031    0.00082  -0.012    -0.026     0.098   
   0.019     0.0062    0.013     0.00031   0.0002   -0.007     0.0015   -0.059    -0.038     0.29    
   0.0077    0.00072   0.0071    0.00029  -8.5e-05   0.002     0.0019   -0.045     0.013     0.29    
   0.0012    0.0011    9.4e-05   1.5e-05  -7e-05     0.00023   0.00077  -0.0025    0.012     0.13    
   0.0022    0.002     0.0012   -5.2e-05  -0.00011  -0.00047   0.0013    0.0058    0.012     0.14    
   0.019     0.0062    0.014     0.00081   0.00051  -0.0082   -0.0078    0.13      0.079     1.2     
   0.0018    0.0011    0.0017   -0.00021  -7.2e-05  -0.00023   0.0013    0.0042    0.0014    0.026   
   0.0018    0.0011    0.0017    0.00016   5.6e-05  -0.00023  -0.001     0.0042    0.0015    0.026   
   0.021     0.019     0.003     0.00015   0.00039  -0.0071    0.0011   -0.021    -0.055     0.16    
   0.0083    0.0069    0.0015    9.9e-05   0.00021  -0.0031    0.00082  -0.012    -0.026     0.098   
   0.019     0.0062    0.013     0.00031   0.0002   -0.007     0.0015   -0.059    -0.038     0.29    
   0.0077    0.00072   0.0071    0.00029  -8.5e-05   0.002     0.0019   -0.045     0.013     0.29    
   0.0012    0.0011    9.4e-05   1.5e-05  -7e-05     0.00023   0.00077  -0.0025    0.012     0.13    
   0.0022    0.002     0.0012   -5.2e-05  -0.00011  -0.00047   0.0013    0.0058    0.012     0.14    
   0.019     0.0062    0.014     0.00081   0.00051  -0.0082   -0.0078    0.13      0.079     1.2     
   0.0018    0.0011    0.0017   -0.00021  -7.2e-05  -0.00023   0.0013    0.0042    0.0014    0.026   
   0.0018    0.0011    0.0017    0.00016   5.6e-05  -0.00023  -0.001     0.0042    0.0015    0.026   
   0.0032    0.0031    0.00025   1.4e-05   0.00016  -0.00025   0.0012   -0.0019   -0.022     0.16    
   0.00044   0.00046   9e-05     1.4e-06   4.9e-05  -7.9e-06   0.00083  -0.00015  -0.006     0.098   
   0.0092    0.001     0.0083    0.00024   8.7e-05  -0.0023    0.0016   -0.044    -0.016     0.29    
   0.01      0.00012   0.0099    0.00036  -2.7e-06   7.6e-05   0.0019   -0.053     0.00052   0.29    
   0.00033   0.0001    0.00027   3.3e-05  -1.6e-05   0.00011   0.00079  -0.0054    0.0026    0.13    
   0.0011    0.0011    0.0011   -2.5e-05  -3.4e-05  -7.1e-05   0.0013    0.0027    0.0037    0.14    
   0.011     0.0022    0.0097    0.00065   0.00023  -0.0031   -0.0076    0.1       0.037     1.2     

ACTUATOR_LENGTH
   0       
   1       
  -1.2     
   0       
   0.5     
   0       
   0.035   
  -5.1e-20 
   1       
  -1.2     
   6.4e-20 
   0.5     
   3.1e-18 
   0.035   
   2.9e-22 
   4.9e-18 
   7.2e-19 
   7e-19   
   2.2e-17 
  -2.8e-18 

actuator_moment
------------------------------
       x                      |
        x                     |
         x                    |
          x                   |
           x                  |
            x                 |
             x                |
               x              |
                x             |
                 x            |
                  x           |
                   x          |
                    x         |
                      x       |
                       x      |
                        x     |
                         x    |
                          x   |
                           x  |
                            x |
------------------------------

ACTUATOR_MOMENT
     6:  1       
     7:  1       
     8:  1       
     9:  1       
    10:  1       
    11:  1       
    12:  1       
    14:  1       
    15:  1       
    16:  1       
    17:  1       
    18:  1       
    19:  1       
    21:  1       
    22:  1       
    23:  1       
    24:  1       
    25:  1       
    26:  1       
    27:  1       

CRB
   0         0         0         0         0         0         0         0         0         0       
   0.74      0.19      0.64      0         0         0         0         0         0         25      
   0.0001    0.0001    1.6e-05   2.8e-12  -1.9e-08   1.3e-08   0         2.7e-22   5.6e-19   0.08    
   2.2e-07   2.2e-07   4.4e-07   0         0         0         0         0         0         0.001   
   0.082     0.044     0.043     0.0016    0.001    -0.024     2.8e-16  -1.7e-17   1.4e-17   2.4     
   0.061     0.025     0.04      0.0014    0.00065  -0.017    -0.0011    0.021     0.055     2.2     
   0.052     0.019     0.039     0.0013    0.00044  -0.014    -0.002     0.033     0.08      2.1     
   0.034     0.012     0.026     0.001     0.00024  -0.0069   -0.0035    0.092     0.12      1.8     
   0.026     0.012     0.019     0.00073   0.00032  -0.0089   -0.0054    0.14      0.1       1.5     
   0.025     0.01      0.019     0.00071   0.00039  -0.0091   -0.0062    0.14      0.093     1.4     
   0.023     0.0085    0.018     0.00076   0.0005   -0.0087   -0.0075    0.13      0.082     1.3     
   0.0018    0.0011    0.0017   -0.00021  -7.2e-05  -0.00023   0.0013    0.0042    0.0014    0.026   
   0.0018    0.0011    0.0017    0.00016   5.6e-05  -0.00023  -0.001     0.0042    0.0015    0.026   
   0.082     0.044     0.043     0.0016    0.001    -0.024    -1.4e-16  -1.7e-17   1.4e-17   2.4     
   0.061     0.025     0.04      0.0014    0.00065  -0.017    -0.0011    0.021     0.055     2.2     
   0.052     0.019     0.039     0.0013    0.00044  -0.014    -0.002     0.033     0.08      2.1     
   0.034     0.012     0.026     0.001     0.00024  -0.0069   -0.0035    0.092     0.12      1.8     
   0.026     0.012     0.019     0.00073   0.00032  -0.0089   -0.0054    0.14      0.1       1.5     
   0.025     0.01      0.019     0.00071   0.00039  -0.0091   -0.0062    0.14      0.093     1.4     
   0.023     0.0085    0.018     0.00076   0.0005   -0.0087   -0.0075    0.13      0.082     1.3     
   0.0018    0.0011    0.0017   -0.00021  -7.2e-05  -0.00023   0.0013    0.0042    0.0014    0.026   
   0.0018    0.0011    0.0017    0.00016   5.6e-05  -0.00023  -0.001     0.0042    0.0015    0.026   
   0.035     0.0081    0.03      0.0013    0.00047  -0.0055   -3e-18     7e-17     4.5e-17   2.3     
   0.032     0.005     0.029     0.0013    0.00032  -0.0053   -0.0012    0.0019    0.022     2.2     
   0.031     0.0045    0.029     0.0012    0.00027  -0.0053   -0.002     0.002     0.028     2.1     
   0.022     0.0035    0.021     0.001     0.00018  -0.003    -0.0036    0.046     0.043     1.8     
   0.012     0.0034    0.011     0.00066   0.00018  -0.0031   -0.0055    0.099     0.043     1.5     
   0.012     0.0033    0.011     0.00062   0.0002   -0.0032   -0.0063    0.1       0.04      1.3     
   0.011     0.0022    0.0097    0.00065   0.00023  -0.0031   -0.0076    0.1       0.037     1.2     

QM
   0.08    
   0         0.08    
   0         0         0.08    
   8.4e-05  -0.0049   -7.4e-07   0.0004  
   0.0049    8.4e-05  -1e-06     0         0.0004  
   5.3e-23  -4.9e-19  -7.3e-23   3e-20    -5.1e-22   1.6e-05 
                                                               0.082   
                                                              -0.0053    0.27    
                                                              -0.0011    0.15      0.2     
                                                               0.019    -0.005    -0.0058    0.014   
                                                               0.00044   0.029     0.059    -0.0017    0.029   
                                                              -0.00042  -0.0022   -0.0049    0.003    -0.0018    0.0083  
                                                              -0.0074    9.4e-08   3.6e-08  -0.0023   -3.2e-10  -7.4e-06   0.026   
                                                               0.0074   -1.3e-08  -5.2e-09   0.0023    2.5e-10  -7.4e-06             0.026   
                                                                                                                                               0.082   
                                                                                                                                              -0.0053    0.27    
                                                                                                                                              -0.0011    0.15      0.2     
                                                                                                                                               0.019    -0.005    -0.0058    0.014   
                                                                                                                                               0.00044   0.029     0.059    -0.0017    0.029   
                                                                                                                                              -0.00042  -0.0022   -0.0049    0.003    -0.0018    0.0083  
                                                                                                                                              -0.0074    9.4e-08   3.6e-08  -0.0023   -3.2e-10  -7.4e-06   0.026   
                                                                                                                                               0.0074   -1.3e-08  -5.2e-09   0.0023    2.5e-10  -7.4e-06             0.026   
                                                                                                                                                                                                                               0.034   
                                                                                                                                                                                                                              -0.0013    0.045   
                                                                                                                                                                                                                              -0.00087   0.042     0.2     
                                                                                                                                                                                                                               0.00031  -0.0015   -0.006     0.0073  
                                                                                                                                                                                                                              -0.00016   0.016     0.059    -0.002     0.025   
                                                                                                                                                                                                                               0.00021  -0.0014   -0.0055    0.0012   -0.0018    0.0062  

M
     0:  0.08    
     0:  0          1:  0.08    
     0:  0          1:  0          2:  0.08    
     0:  8.4e-05    1: -0.0049     2: -7.4e-07    3:  0.0004  
     0:  0.0049     1:  8.4e-05    2: -1e-06      3:  0          4:  0.0004  
     0:  5.3e-23    1: -4.9e-19    2: -7.3e-23    3:  3e-20      4: -5.1e-22    5:  1.6e-05 
     6:  0.082   
     6: -0.0053     7:  0.27    
     6: -0.0011     7:  0.15       8:  0.2     
     6:  0.019      7: -0.005      8: -0.0058     9:  0.014   
     6:  0.00044    7:  0.029      8:  0.059      9: -0.0017    10:  0.029   
     6: -0.00042    7: -0.0022     8: -0.0049     9:  0.003     10: -0.0018    11:  0.0083  
     6: -0.0074     7:  9.4e-08    8:  3.6e-08    9: -0.0023    10: -3.2e-10   11: -7.4e-06   12:  0.026   
     6:  0.0074     7: -1.3e-08    8: -5.2e-09    9:  0.0023    10:  2.5e-10   11: -7.4e-06   13:  0.026   
    14:  0.082   
    14: -0.0053    15:  0.27    
    14: -0.0011    15:  0.15      16:  0.2     
    14:  0.019     15: -0.005     16: -0.0058    17:  0.014   
    14:  0.00044   15:  0.029     16:  0.059     17: -0.0017    18:  0.029   
    14: -0.00042   15: -0.0022    16: -0.0049    17:  0.003     18: -0.0018    19:  0.0083  
    14: -0.0074    15:  9.4e-08   16:  3.6e-08   17: -0.0023    18: -3.2e-10   19: -7.4e-06   20:  0.026   
    14:  0.0074    15: -1.3e-08   16: -5.2e-09   17:  0.0023    18:  2.5e-10   19: -7.4e-06   21:  0.026   
    22:  0.034   
    22: -0.0013    23:  0.045   
    22: -0.00087   23:  0.042     24:  0.2     
    22:  0.00031   23: -0.0015    24: -0.006     25:  0.0073  
    22: -0.00016   23:  0.016     24:  0.059     25: -0.002     26:  0.025   
    22:  0.00021   23: -0.0014    24: -0.0055    25:  0.0012    26: -0.0018    27:  0.0062  

QLD
     0:  0.021   
     0: -2.3e-08    1:  0.021   
     0:  0.00016    1: -0.00011    2:  0.08    
     0:  0.21       1: -12         2: -0.0019     3:  0.0004  
     0:  12         1:  0.21       2: -0.0026     3:  2.4e-33    4:  0.0004  
     0:  3.3e-18    1: -3.1e-14    2: -4.6e-18    3:  1.9e-15    4: -3.2e-17    5:  1.6e-05 
     6:  0.052   
     6: -0.016      7:  0.13    
     6:  0.0086     7:  1.2        8:  0.08    
     6:  1.4        7: -0.25       8: -0.15       9:  0.013   
     6:  0.012      7:  0.98       8:  2          9: -0.038     10:  0.029   
     6: -0.051      7: -0.27       8: -0.59       9:  0.36      10: -0.22      11:  0.0083  
     6: -0.28       7:  3.6e-06    8:  1.4e-06    9: -0.086     10: -1.2e-08   11: -0.00028   12:  0.026   
     6:  0.28       7: -4.9e-07    8: -2e-07      9:  0.086     10:  9.6e-09   11: -0.00028   13:  0.026   
    14:  0.052   
    14: -0.016     15:  0.13    
    14:  0.0086    15:  1.2       16:  0.08    
    14:  1.4       15: -0.25      16: -0.15      17:  0.013   
    14:  0.012     15:  0.98      16:  2         17: -0.038     18:  0.029   
    14: -0.051     15: -0.27      16: -0.59      17:  0.36      18: -0.22      19:  0.0083  
    14: -0.28      15:  3.6e-06   16:  1.4e-06   17: -0.086     18: -1.2e-08   19: -0.00028   20:  0.026   
    14:  0.28      15: -4.9e-07   16: -2e-07     17:  0.086     18:  9.6e-09   19: -0.00028   21:  0.026   
    22:  0.034   
    22: -0.035     23:  0.035   
    22: -0.0068    23:  0.074     24:  0.061   
    22:  0.037     23: -0.034     24: -0.17      25:  0.0069  
    22: -0.0038    23:  0.62      24:  2.3       25: -0.065     26:  0.025   
    22:  0.034     23: -0.22      24: -0.88      25:  0.19      26: -0.29      27:  0.0062  

QLDIAGINV
   48      
   48      
   13      
   2.5e+03 
   2.5e+03 
   6.3e+04 
   19      
   7.6     
   13      
   79      
   35      
   1.2e+02 
   38      
   38      
   19      
   7.6     
   13      
   79      
   35      
   1.2e+02 
   38      
   38      
   29      
   29      
   16      
   1.4e+02 
   40      
   1.6e+02 

M: inertia structure
------------------------------
 x                            |
 xx                           |
 xxx                          |
 xxxx                         |
 xxxxx                        |
 xxxxxx                       |
       x                      |
       xx                     |
       xxx                    |
       xxxx                   |
       xxxxx                  |
       xxxxxx                 |
       xxxxxxx                |
       xxxxxx x               |
               x              |
               xx             |
               xxx            |
               xxxx           |
               xxxxx          |
               xxxxxx         |
               xxxxxxx        |
               xxxxxx x       |
                       x      |
                       xx     |
                       xxx    |
                       xxxx   |
                       xxxxx  |
                       xxxxxx |
------------------------------

iM: block-diagonal inertia (nnzs are island ids)
------------------------------
 0                            |
 00                           |
 000                          |
 0000                         |
 00000                        |
 000000                       |
       1                      |
       11                     |
       111                    |
       1111                   |
       11111                  |
       111111                 |
       1111111                |
       111111 1               |
               2              |
               22             |
               222            |
               2222           |
               22222          |
               222222         |
               2222222        |
               222222 2       |
                       3      |
                       33     |
                       333    |
                       3333   |
                       33333  |
                       333333 |
------------------------------

QH
     0:  0.021   
     0: -1.4e-08    1:  0.021   
     0:  5.7e-05    1: -0.00018    2:  0.08    
     0:  0.21       1: -12         2: -0.003      3:  0.0004  
     0:  12         1:  0.21       2: -0.00088    3:  2.1e-18    4:  0.0004  
     0: -8.5e-18    1:  2.2e-14    2:  5.4e-18    3: -1.4e-15    4:  2.3e-17    5:  1.6e-05 
     6:  0.074   
     6: -0.019      7:  0.16    
     6: -0.0014     7:  0.99       8:  0.1     
     6:  0.79       7: -0.14       8: -0.097      9:  0.023   
     6:  0.012      7:  0.89       8:  1.8        9: -0.04      10:  0.032   
     6: -0.037      7: -0.2        8: -0.43       9:  0.26      10: -0.16      11:  0.011   
     6: -0.2        7:  2.6e-06    8:  1e-06      9: -0.063     10: -8.7e-09   11: -0.0002    12:  0.036   
     6:  0.28       7: -4.9e-07    8: -2e-07      9:  0.086     10:  9.6e-09   11: -0.00028   13:  0.026   
    14:  0.074   
    14: -0.019     15:  0.16    
    14: -0.0014    15:  0.99      16:  0.1     
    14:  0.79      15: -0.14      16: -0.097     17:  0.023   
    14:  0.012     15:  0.89      16:  1.8       17: -0.04      18:  0.032   
    14: -0.037     15: -0.2       16: -0.43      17:  0.26      18: -0.16      19:  0.011   
    14: -0.28      15:  3.6e-06   16:  1.4e-06   17: -0.086     18: -1.2e-08   19: -0.00028   20:  0.026   
    14:  0.2       15: -3.6e-07   16: -1.4e-07   17:  0.062     18:  7e-09     19: -0.0002    21:  0.036   
    22:  0.044   
    22: -0.026     23:  0.045   
    22: -0.0056    23:  0.098     24:  0.085   
    22:  0.016     23: -0.021     24: -0.1       25:  0.017   
    22: -0.0041    23:  0.55      24:  2.1       25: -0.062     26:  0.028   
    22:  0.023     23: -0.15      24: -0.59      25:  0.13      26: -0.2       27:  0.0092  

QHDIAGINV
   48      
   48      
   13      
   2.5e+03 
   2.5e+03 
   6.3e+04 
   13      
   6.3     
   9.9     
   44      
   31      
   89      
   27      
   38      
   13      
   6.3     
   9.9     
   44      
   31      
   89      
   38      
   27      
   22      
   22      
   12      
   59      
   36      
   1.1e+02 

TREE_AWAKE
  1 1 1 1

BODY_AWAKE
  -1 -1 1 -1 -1 1 1 1 1 1 1 1 1 -1 1 1 1 1 1 1 1 1 -1 1 1 1 1 1 1

BODY_AWAKE_IND
  0 1 2 3 4 5 6 7 8 9 10 11 12 13 14 15 16 17 18 19 20 21 22 23 24 25 26 27 28

PARENT_AWAKE_IND
  1 2 3 4 5 6 7 8 9 10 11 12 13 14 15 16 17 18 19 20 21 22 23 24 25 26 27 28

DOF_AWAKE_IND
  0 1 2 3 4 5 6 7 8 9 10 11 12 13 14 15 16 17 18 19 20 21 22 23 24 25 26 27

QDERIV
     0:  0          1:  0          2:  0          3:  0          4:  0          5:  0       
     0:  0          1:  0          2:  0          3:  0          4:  0          5:  0       
     0:  0          1:  0          2:  0          3:  0          4:  0          5:  0       
     0:  0          1:  0          2:  0          3:  0          4:  0          5:  0       
     0:  0          1:  0          2:  0          3:  0          4:  0          5:  0       
     0:  0          1:  0          2:  0          3:  0          4:  0          5:  0       
     6: -5          7:  0          8:  0          9:  0         10:  0         11:  0         12:  0         13:  0       
     6:  0          7: -5          8:  0          9:  0         10:  0         11:  0         12:  0         13:  0       
     6:  0          7:  0          8: -5          9:  0         10:  0         11:  0         12:  0         13:  0       
     6:  0          7:  0          8:  0          9: -5         10:  0         11:  0         12:  0         13:  0       
     6:  0          7:  0          8:  0          9:  0         10: -1.5       11:  0         12:  0         13:  0       
     6:  0          7:  0          8:  0          9:  0         10:  0         11: -1.5       12:  0         13:  0       
     6:  0          7:  0          8:  0          9:  0         10:  0         11:  0         12: -5       
     6:  0          7:  0          8:  0          9:  0         10:  0         11:  0         13:  0       
    14: -5         15:  0         16:  0         17:  0         18:  0         19:  0         20:  0         21:  0       
    14:  0         15: -5         16:  0         17:  0         18:  0         19:  0         20:  0         21:  0       
    14:  0         15:  0         16: -5         17:  0         18:  0         19:  0         20:  0         21:  0       
    14:  0         15:  0         16:  0         17: -5         18:  0         19:  0         20:  0         21:  0       
    14:  0         15:  0         16:  0         17:  0         18: -1.5       19:  0         20:  0         21:  0       
    14:  0         15:  0         16:  0         17:  0         18:  0         19: -1.5       20:  0         21:  0       
    14:  0         15:  0         16:  0         17:  0         18:  0         19:  0         20:  0       
    14:  0         15:  0         16:  0         17:  0         18:  0         19:  0         21: -5       
    22: -5         23:  0         24:  0         25:  0         26:  0         27:  0       
    22:  0         23: -5         24:  0         25:  0         26:  0         27:  0       
    22:  0         23:  0         24: -5         25:  0         26:  0         27:  0       
    22:  0         23:  0         24:  0         25: -5         26:  0         27:  0       
    22:  0         23:  0         24:  0         25:  0         26: -1.5       27:  0       
    22:  0         23:  0         24:  0         25:  0         26:  0         27: -1.5     

CONTACT
  0:
     dim           6
     geoms         insert_cylinder_geom : table
     exclude       0
     efc_address   21
     solref         0.01      1       
     solimp         0.9       0.95      0.001     0.5       2       
     dist          -0.00017 
     includemargin  0       
     pos           -0.085    -0.012    -0.00098 
     frame          7.6e-07   7.3e-07  -1        -5.6e-13   1         7.3e-07   1        -1e-28     7.6e-07 
     friction       1         1         0.005     0.0005    0.0005  
     mu             0.32    
     force          0.79     -0.18      0.038     2.5e-06   1.8e-05  -6e-05   

EFC_TYPE
  0
  0
  1
  1
  1
  1
  1
  1
  1
  1
  1
  1
  1
  1
  1
  1
  1
  1
  1
  1
  3
  7
  7
  7
  7
  7
  7

EFC_ID
  0
  1
  6
  7
  8
  9
  10
  11
  14
  15
  16
  17
  18
  19
  22
  23
  24
  25
  26
  27
  19
  0
  0
  0
  0
  0
  0

EFC_J
   0         0         0         0         0         0         0         0         0         0         0         0         1        -1         0         0         0         0         0         0         0         0         0         0         0         0         0         0       
   0         0         0         0         0         0         0         0         0         0         0         0         0         0         0         0         0         0         0         0         1        -1         0         0         0         0         0         0       
   0         0         0         0         0         0         1         0         0         0         0         0         0         0         0         0         0         0         0         0         0         0         0         0         0         0         0         0       
   0         0         0         0         0         0         0         1         0         0         0         0         0         0         0         0         0         0         0         0         0         0         0         0         0         0         0         0       
   0         0         0         0         0         0         0         0         1         0         0         0         0         0         0         0         0         0         0         0         0         0         0         0         0         0         0         0       
   0         0         0         0         0         0         0         0         0         1         0         0         0         0         0         0         0         0         0         0         0         0         0         0         0         0         0         0       
   0         0         0         0         0         0         0         0         0         0         1         0         0         0         0         0         0         0         0         0         0         0         0         0         0         0         0         0       
   0         0         0         0         0         0         0         0         0         0         0         1         0         0         0         0         0         0         0         0         0         0         0         0         0         0         0         0       
   0         0         0         0         0         0         0         0         0         0         0         0         0         0         1         0         0         0         0         0         0         0         0         0         0         0         0         0       
   0         0         0         0         0         0         0         0         0         0         0         0         0         0         0         1         0         0         0         0         0         0         0         0         0         0         0         0       
   0         0         0         0         0         0         0         0         0         0         0         0         0         0         0         0         1         0         0         0         0         0         0         0         0         0         0         0       
   0         0         0         0         0         0         0         0         0         0         0         0         0         0         0         0         0         1         0         0         0         0         0         0         0         0         0         0       
   0         0         0         0         0         0         0         0         0         0         0         0         0         0         0         0         0         0         1         0         0         0         0         0         0         0         0         0       
   0         0         0         0         0         0         0         0         0         0         0         0         0         0         0         0         0         0         0         1         0         0         0         0         0         0         0         0       
   0         0         0         0         0         0         0         0         0         0         0         0         0         0         0         0         0         0         0         0         0         0         1         0         0         0         0         0       
   0         0         0         0         0         0         0         0         0         0         0         0         0         0         0         0         0         0         0         0         0         0         0         1         0         0         0         0       
   0         0         0         0         0         0         0         0         0         0         0         0         0         0         0         0         0         0         0         0         0         0         0         0         1         0         0         0       
   0         0         0         0         0         0         0         0         0         0         0         0         0         0         0         0         0         0         0         0         0         0         0         0         0         1         0         0       
   0         0         0         0         0         0         0         0         0         0         0         0         0         0         0         0         0         0         0         0         0         0         0         0         0         0         1         0       
   0         0         0         0         0         0         0         0         0         0         0         0         0         0         0         0         0         0         0         0         0         0         0         0         0         0         0         1       
   0         0         0         0         0         0         0         0         0         0         0         0         0         0         0         0         0         0         0         0         0         0         0         0        -1         0         0         0       
  -7.6e-07  -7.3e-07   1        -0.013    -0.015    -4.6e-07   0         0         0         0         0         0         0         0         0         0         0         0         0         0         0         0         0         0         0         0         0         0       
   5.6e-13  -1        -7.3e-07   0.0011   -2.1e-05  -0.015     0         0         0         0         0         0         0         0         0         0         0         0         0         0         0         0         0         0         0         0         0         0       
  -1         1e-28    -7.6e-07  -1.6e-05  -0.0011   -0.012     0         0         0         0         0         0         0         0         0         0         0         0         0         0         0         0         0         0         0         0         0         0       
   0         0         0        -0.00021   0.00015   1         0         0         0         0         0         0         0         0         0         0         0         0         0         0         0         0         0         0         0         0         0         0       
   0         0         0        -0.017    -1         0.00015   0         0         0         0         0         0         0         0         0         0         0         0         0         0         0         0         0         0         0         0         0         0       
   0         0         0        -1         0.017    -0.00021   0         0         0         0         0         0         0         0         0         0         0         0         0         0         0         0         0         0         0         0         0         0       

IEFC_J
  -7.6e-07  -7.3e-07   1        -0.013    -0.015    -4.6e-07 ......... ......... ......... ......... ......... ......... ......... ......... ......... ......... ......... ......... ......... ......... ......... ......... ......... ......... ......... ......... ......... ......... 
   5.6e-13  -1        -7.3e-07   0.0011   -2.1e-05  -0.015   ......... ......... ......... ......... ......... ......... ......... ......... ......... ......... ......... ......... ......... ......... ......... ......... ......... ......... ......... ......... ......... ......... 
  -1         1e-28    -7.6e-07  -1.6e-05  -0.0011   -0.012   ......... ......... ......... ......... ......... ......... ......... ......... ......... ......... ......... ......... ......... ......... ......... ......... ......... ......... ......... ......... ......... ......... 
   0         0         0        -0.00021   0.00015   1       ......... ......... ......... ......... ......... ......... ......... ......... ......... ......... ......... ......... ......... ......... ......... ......... ......... ......... ......... ......... ......... ......... 
   0         0         0        -0.017    -1         0.00015 ......... ......... ......... ......... ......... ......... ......... ......... ......... ......... ......... ......... ......... ......... ......... ......... ......... ......... ......... ......... ......... ......... 
   0         0         0        -1         0.017    -0.00021 ......... ......... ......... ......... ......... ......... ......... ......... ......... ......... ......... ......... ......... ......... ......... ......... ......... ......... ......... ......... ......... ......... 
 ......... ......... ......... ......... ......... .........   0         0         0         0         0         0         1        -1       ......... ......... ......... ......... ......... ......... ......... ......... ......... ......... ......... ......... ......... ......... 
 ......... ......... ......... ......... ......... .........   1         0         0         0         0         0         0         0       ......... ......... ......... ......... ......... ......... ......... ......... ......... ......... ......... ......... ......... ......... 
 ......... ......... ......... ......... ......... .........   0         1         0         0         0         0         0         0       ......... ......... ......... ......... ......... ......... ......... ......... ......... ......... ......... ......... ......... ......... 
 ......... ......... ......... ......... ......... .........   0         0         1         0         0         0         0         0       ......... ......... ......... ......... ......... ......... ......... ......... ......... ......... ......... ......... ......... ......... 
 ......... ......... ......... ......... ......... .........   0         0         0         1         0         0         0         0       ......... ......... ......... ......... ......... ......... ......... ......... ......... ......... ......... ......... ......... ......... 
 ......... ......... ......... ......... ......... .........   0         0         0         0         1         0         0         0       ......... ......... ......... ......... ......... ......... ......... ......... ......... ......... ......... ......... ......... ......... 
 ......... ......... ......... ......... ......... .........   0         0         0         0         0         1         0         0       ......... ......... ......... ......... ......... ......... ......... ......... ......... ......... ......... ......... ......... ......... 
 ......... ......... ......... ......... ......... ......... ......... ......... ......... ......... ......... ......... ......... .........   0         0         0         0         0         0         1        -1       ......... ......... ......... ......... ......... ......... 
 ......... ......... ......... ......... ......... ......... ......... ......... ......... ......... ......... ......... ......... .........   1         0         0         0         0         0         0         0       ......... ......... ......... ......... ......... ......... 
 ......... ......... ......... ......... ......... ......... ......... ......... ......... ......... ......... ......... ......... .........   0         1         0         0         0         0         0         0       ......... ......... ......... ......... ......... ......... 
 ......... ......... ......... ......... ......... ......... ......... ......... ......... ......... ......... ......... ......... .........   0         0         1         0         0         0         0         0       ......... ......... ......... ......... ......... ......... 
 ......... ......... ......... ......... ......... ......... ......... ......... ......... ......... ......... ......... ......... .........   0         0         0         1         0         0         0         0       ......... ......... ......... ......... ......... ......... 
 ......... ......... ......... ......... ......... ......... ......... ......... ......... ......... ......... ......... ......... .........   0         0         0         0         1         0         0         0       ......... ......... ......... ......... ......... ......... 
 ......... ......... ......... ......... ......... ......... ......... ......... ......... ......... ......... ......... ......... .........   0         0         0         0         0         1         0         0       ......... ......... ......... ......... ......... ......... 
 ......... ......... ......... ......... ......... ......... ......... ......... ......... ......... ......... ......... ......... ......... ......... ......... ......... ......... ......... ......... ......... .........   1         0         0         0         0         0       
 ......... ......... ......... ......... ......... ......... ......... ......... ......... ......... ......... ......... ......... ......... ......... ......... ......... ......... ......... ......... ......... .........   0         1         0         0         0         0       
 ......... ......... ......... ......... ......... ......... ......... ......... ......... ......... ......... ......... ......... ......... ......... ......... ......... ......... ......... ......... ......... .........   0         0         1         0         0         0       
 ......... ......... ......... ......... ......... ......... ......... ......... ......... ......... ......... ......... ......... ......... ......... ......... ......... ......... ......... ......... ......... .........   0         0         0         1         0         0       
 ......... ......... ......... ......... ......... ......... ......... ......... ......... ......... ......... ......... ......... ......... ......... ......... ......... ......... ......... ......... ......... .........   0         0         0         0         1         0       
 ......... ......... ......... ......... ......... ......... ......... ......... ......... ......... ......... ......... ......... ......... ......... ......... ......... ......... ......... ......... ......... .........   0         0         0         0         0         1       
 ......... ......... ......... ......... ......... ......... ......... ......... ......... ......... ......... ......... ......... ......... ......... ......... ......... ......... ......... ......... ......... .........   0         0        -1         0         0         0       

EFC_POS
   0       
   0       
   0       
   0       
   0       
   0       
   0       
   0       
   0       
   0       
   0       
   0       
   0       
   0       
   0       
   0       
   0       
   0       
   0       
   0       
  -7.2e-19 
  -0.00017 
   0       
   0       
   0       
   0       
   0       

EFC_MARGIN
   0       
   0       
   0       
   0       
   0       
   0       
   0       
   0       
   0       
   0       
   0       
   0       
   0       
   0       
   0       
   0       
   0       
   0       
   0       
   0       
   0       
   0       
   0       
   0       
   0       
   0       
   0       

EFC_FRICTIONLOSS
   0       
   0       
   0.3     
   0.3     
   0.3     
   0.3     
   0.3     
   0.3     
   0.3     
   0.3     
   0.3     
   0.3     
   0.3     
   0.3     
   0.3     
   0.3     
   0.3     
   0.3     
   0.3     
   0.3     
   0       
   0       
   0       
   0       
   0       
   0       
   0       

EFC_DIAGAPPROX
   77      
   77      
   27      
   28      
   16      
   1.3e+02 
   1.2e+02 
   1.4e+02 
   27      
   28      
   16      
   1.3e+02 
   1.2e+02 
   1.4e+02 
   29      
   29      
   17      
   1.4e+02 
   1.3e+02 
   1.7e+02 
   17      
   13      
   1.3     
   1.3     
   5e+04   
   5e+06   
   5e+06   

EFC_KBIP
   2.8e+03   1.1e+02   0.9       0       
   2.8e+03   1.1e+02   0.9       0       
   0         1.1e+02   0.9       0       
   0         1.1e+02   0.9       0       
   0         1.1e+02   0.9       0       
   0         1.1e+02   0.9       0       
   0         1.1e+02   0.9       0       
   0         1.1e+02   0.9       0       
   0         1.1e+02   0.9       0       
   0         1.1e+02   0.9       0       
   0         1.1e+02   0.9       0       
   0         1.1e+02   0.9       0       
   0         1.1e+02   0.9       0       
   0         1.1e+02   0.9       0       
   0         1.1e+02   0.9       0       
   0         1.1e+02   0.9       0       
   0         1.1e+02   0.9       0       
   0         1.1e+02   0.9       0       
   0         1.1e+02   0.9       0       
   0         1.1e+02   0.9       0       
   2.8e+03   1.1e+02   0.9      -1.4e-13 
   1.1e+04   2.1e+02   0.9      -34      
   0         2.1e+02   0.9      -34      
   0         2.1e+02   0.9      -34      
   0         2.1e+02   0.9      -34      
   0         2.1e+02   0.9      -34      
   0         2.1e+02   0.9      -34      

EFC_D
   0.12    
   0.12    
   0.33    
   0.32    
   0.58    
   0.071   
   0.075   
   0.063   
   0.33    
   0.32    
   0.58    
   0.071   
   0.075   
   0.063   
   0.31    
   0.31    
   0.54    
   0.062   
   0.067   
   0.053   
   0.54    
   0.74    
   7.4     
   7.4     
   0.00019 
   1.9e-06 
   1.9e-06 

EFC_R
   8.5     
   8.5     
   3.1     
   3.2     
   1.7     
   14      
   13      
   16      
   3.1     
   3.2     
   1.7     
   14      
   13      
   16      
   3.2     
   3.2     
   1.8     
   16      
   15      
   19      
   1.8     
   1.3     
   0.13    
   0.13    
   5.4e+03 
   5.4e+05 
   5.4e+05 

ACTUATOR_VELOCITY
   0       
   0       
   0       
   0       
   0       
   0       
   0       
   1.2e-19 
   3.5e-19 
  -8.6e-19 
  -2.5e-19 
   1.5e-18 
  -6.2e-19 
  -3.8e-21 
   1.3e-19 
  -7.9e-19 
   9.2e-18 
   8.4e-19 
  -2.4e-17 
   1.7e-18 

CVEL
   0         0         0         0         0         0       
   0         0         0         0         0         0       
  -0.046     0.068    -5.7e-05   0.0041    0.0027    0.00015 
   0         0         0         0         0         0       
   0         0         0         0         0         0       
   0         0         0         0         0         0       
   0         0         0         0         0         0       
   0         0         0         0         0         0       
   0         0         0         0         0         0       
   0         0         0         0         0         0       
   0         0         0         0         0         0       
   0         0         0         0         0         0       
   0         0         0         0         0         0       
   0         0         0         0         0         0       
   0         0         1.2e-19  -1.5e-20  -8.8e-22   0       
  -3.5e-19   3.7e-23   1.2e-19  -1.5e-20   8.9e-20  -4.3e-20 
   5.1e-19  -5.4e-23   1.2e-19  -1.5e-20   8.9e-20   1.7e-19 
   5.1e-19  -2.4e-19   5.3e-20   8.5e-21   8.9e-20   1.7e-19 
  -1e-18    -2.4e-19   5.3e-20   8.5e-21  -5.2e-20   1.5e-19 
  -1e-18    -8.4e-19   1.8e-19   6.2e-20  -5.3e-20   1.4e-19 
  -1e-18    -8.4e-19   1.8e-19   6.7e-20  -5.3e-20   1.4e-19 
  -1e-18    -8.4e-19   1.8e-19   6.6e-20  -5.3e-20   1.4e-19 
   0         0         0         0         0         0       
   0         0         1.3e-19  -2.3e-22  -9.1e-22   0       
   7.9e-19  -8.2e-23   1.3e-19  -2.3e-22  -4.2e-20   1.4e-21 
  -8.4e-18   8.8e-22   1.3e-19  -2e-22     1.7e-19  -2.6e-18 
  -8.4e-18   8.4e-19   2e-19    -2e-20     1.7e-19  -2.6e-18 
   1.5e-17   8.3e-19   2e-19    -2e-20     6.6e-19  -1.7e-18 
   1.5e-17   2.5e-18   3.4e-19  -6e-20     6.6e-19  -1.7e-18 

CDOF_DOT
   0         0         0         0         0         0       
   0         0         0         0         0         0       
   0         0         0         0         0         0       
  -0         0         0        -2.6e-06   0.00015   0.00011 
   0        -0         0        -0.00015  -2.6e-06  -9.3e-05 
   0         0        -0        -0.00011   9.2e-05   3.7e-08 
   0         0         0         0         0         0       
  -0         0         0        -0         0         0       
  -0         0         0         0         0         0       
   0         0         0         0         0         0       
  -0         0         0         0         0         0       
  -0         0         0         0         0         0       
   0         0         0         0         0         0       
   0         0         0         0         0         0       
   0         0         0         0         0         0       
  -1.3e-23  -1.2e-19   0        -3.1e-20   3.3e-24  -8.8e-22 
  -1.3e-23  -1.2e-19  -5.9e-39   4.5e-23  -4.5e-20   8.9e-20 
  -1.2e-19  -1.5e-19   4.9e-19  -1.4e-19  -1.1e-20  -1.5e-20 
  -4.5e-24  -5.3e-20  -2.4e-19   8.6e-21  -1.6e-19   4.2e-20 
  -5.1e-22  -2.1e-19  -9.9e-19  -1.4e-19   2.8e-21  -1.4e-20 
  -0         0         0         1.6e-23   1.8e-19   8.4e-19 
  -0         0         0        -1.6e-23  -1.8e-19  -8.4e-19 
   0         0         0         0         0         0       
  -1.3e-23  -1.3e-19   0        -6.5e-21   6.8e-25  -9.1e-22 
  -1.3e-23  -1.3e-19   4.4e-35  -2.9e-21   2.2e-19  -2.3e-20 
  -1.3e-19   7.4e-19  -8.4e-18   2.6e-18   5.7e-20   5.1e-21 
  -2.3e-23  -2e-19     8.4e-19  -2.7e-20   2.3e-18   3.5e-19 
  -1.3e-19  -1.3e-18   1.5e-17   1.8e-18  -9.1e-20  -7.9e-21 

QFRC_BIAS
   1e-08   
  -2.1e-08 
   0.78    
  -7.3e-06 
  -1e-05   
  -7e-22   
   0       
  -2.8     
  -5.3     
   0.15    
  -1.6     
   0.14    
   5e-07   
  -9.6e-07 
  -2.4e-38 
  -2.8     
  -5.3     
   0.15    
  -1.6     
   0.14    
   5e-07   
  -9.6e-07 
   2e-37   
  -0.056   
  -5.4     
   0.16    
  -1.5     
   0.14    

QFRC_SPRING
   0       
   0       
   0       
   0       
   0       
   0       
   0       
   0       
   0       
   0       
   0       
   0       
   0       
   0       
   0       
   0       
   0       
   0       
   0       
   0       
   0       
   0       
   0       
   0       
   0       
   0       
   0       
   0       

QFRC_DAMPER
   0       
   0       
   0       
   0       
   0       
   0       
   0       
   0       
   0       
   0       
   0       
   0       
   0       
   0       
   0       
   0       
   0       
   0       
   0       
   0       
   0       
   0       
   0       
   0       
   0       
   0       
   0       
   0       

QFRC_GRAVCOMP
   0       
   0       
   0       
   0       
   0       
   0       
   0       
  -2.8     
  -5.3     
   0.15    
  -1.6     
   0.14    
   5e-07   
  -9.6e-07 
   0       
  -2.8     
  -5.3     
   0.15    
  -1.6     
   0.14    
   5e-07   
  -9.6e-07 
   0       
  -0.056   
  -5.4     
   0.16    
  -1.5     
   0.14    

QFRC_FLUID
   0       
   0       
   0       
   0       
   0       
   0       
   0       
   0       
   0       
   0       
   0       
   0       
   0       
   0       
   0       
   0       
   0       
   0       
   0       
   0       
   0       
   0       
   0       
   0       
   0       
   0       
   0       
   0       

QFRC_PASSIVE
   0       
   0       
   0       
   0       
   0       
   0       
   0       
  -2.8     
  -5.3     
   0.15    
  -1.6     
   0.14    
   5e-07   
  -9.6e-07 
   0       
  -2.8     
  -5.3     
   0.15    
  -1.6     
   0.14    
   5e-07   
  -9.6e-07 
   0       
  -0.056   
  -5.4     
   0.16    
  -1.5     
   0.14    

EFC_VEL
   0       
   8.5e-21 
   0       
   0       
   0       
   0       
   0       
   0       
   1.2e-19 
   3.5e-19 
  -8.6e-19 
  -2.5e-19 
   1.5e-18 
  -6.2e-19 
   1.3e-19 
  -7.9e-19 
   9.2e-18 
   8.4e-19 
  -2.4e-17 
   1.7e-18 
  -9.2e-18 
  -0.00028 
   6.2e-05 
   1.9e-05 
  -5.7e-05 
  -0.068   
   0.046   

EFC_AREF
  -0       
  -9e-19   
  -0       
  -0       
  -0       
  -0       
  -0       
  -0       
  -1.3e-17 
  -3.7e-17 
   9.1e-17 
   2.6e-17 
  -1.6e-16 
   6.5e-17 
  -1.3e-17 
   8.3e-17 
  -9.7e-16 
  -8.8e-17 
   2.5e-15 
  -1.7e-16 
   2.8e-15 
   1.7     
  -0.013   
  -0.0039  
   0.012   
   14      
  -9.8     

SUBTREE_LINVEL
   0         0         0       
   0         0         0       
   0         0         0       
   0         0         0       
   0         0         0       
   0         0         0       
   0         0         0       
   0         0         0       
   0         0         0       
   0         0         0       
   0         0         0       
   0         0         0       
   0         0         0       
   0         0         0       
   0         0         0       
   0         0         0       
   0         0         0       
   0         0         0       
   0         0         0       
   0         0         0       
   0         0         0       
   0         0         0       
   0         0         0       
   0         0         0       
   0         0         0       
   0         0         0       
   0         0         0       
   0         0         0       
   0         0         0       

SUBTREE_ANGMOM
   0         0         0       
   0         0         0       
   0         0         0       
   0         0         0       
   0         0         0       
   0         0         0       
   0         0         0       
   0         0         0       
   0         0         0       
   0         0         0       
   0         0         0       
   0         0         0       
   0         0         0       
   0         0         0       
   0         0         0       
   0         0         0       
   0         0         0       
   0         0         0       
   0         0         0       
   0         0         0       
   0         0         0       
   0         0         0       
   0         0         0       
   0         0         0       
   0         0         0       
   0         0         0       
   0         0         0       
   0         0         0       
   0         0         0       

ACTUATOR_FORCE
   0       
   0       
   0       
   0       
   0       
   0       
   0       
   3.5e-18 
   0       
   0       
  -1.4e-18 
   0       
  -3e-17   
   0       
  -7.3e-19 
  -3.8e-16 
  -1.1e-16 
  -3.3e-17 
  -1.8e-16 
   2.5e-17 

QFRC_ACTUATOR
   0       
   0       
   0       
   0       
   0       
   0       
   0       
   0       
   0       
   0       
   0       
   0       
   0       
   0       
   3.5e-18 
   0       
   0       
  -1.4e-18 
   0       
  -3e-17   
   0       
   0       
  -7.3e-19 
  -3.8e-16 
  -1.1e-16 
  -3.3e-17 
  -1.8e-16 
   2.5e-17 

QFRC_SMOOTH
   1.4e-08 
   2e-08   
  -0.78    
   1.2e-05 
   3.5e-06 
  -9.1e-22 
   0       
   0       
   0       
   0       
   0       
   0       
   0       
   0       
   3.5e-18 
   0       
   0       
  -1.4e-18 
   0       
  -2.1e-18 
   0       
   0       
  -7.3e-19 
   5.6e-18 
   7.8e-16 
  -5.1e-18 
   4.2e-17 
  -3e-18   

QACC_SMOOTH
   5.8e-08 
  -6.3e-08 
  -9.8     
  -5.1e-06 
   2e-06   
  -4e-18   
   0       
   0       
   0       
   0       
   0       
   0       
   0       
   0       
   8.4e-17 
   3e-18   
  -9.6e-18 
  -1.7e-16 
  -7.4e-18 
  -2e-16   
   8.5e-18 
  -8.7e-18 
   5.3e-17 
  -2e-15   
   1.1e-14 
   1.6e-15 
  -2.3e-14 
   2e-15   

EFC_B
   0       
   1.8e-17 
   0       
   0       
   0       
   0       
   0       
   0       
   9.6e-17 
   2.1e-17 
  -5.2e-17 
  -2e-16   
   6.7e-17 
  -2.6e-16 
   6.8e-17 
  -2.2e-15 
   1.2e-14 
   1.7e-15 
  -2.6e-14 
   2.2e-15 
  -1.4e-14 
  -12      
   0.0042  
   0.011   
  -0.011   
  -18      
  -6.5     

EFC_FORCE
  -0       
   9.3e-21 
  -0       
  -0       
  -0       
  -0       
  -0       
  -0       
  -3.4e-18 
   2.1e-18 
  -1e-17   
   1.4e-18 
   2.3e-18 
   1.9e-18 
   4.7e-19 
   7.1e-19 
   6.2e-17 
   4.3e-18 
  -2.8e-17 
   2e-18   
   8.9e-16 
   0.79    
  -0.18    
   0.038   
   2.5e-06 
   1.8e-05 
  -6e-05   

EFC_STATE
  1
  1
  1
  1
  1
  1
  1
  1
  1
  1
  1
  1
  1
  1
  1
  1
  1
  1
  1
  1
  1
  1
  1
  1
  1
  1
  1

QFRC_CONSTRAINT
  -0.038   
   0.18    
   0.79    
  -0.015   
  -0.0029  
  -4.8e-08 
   0       
   0       
   0       
   0       
   0       
   0       
   0       
   0       
  -3.4e-18 
   2.1e-18 
  -1e-17   
   1.4e-18 
   2.3e-18 
   1.9e-18 
   9.3e-21 
  -9.3e-21 
   4.7e-19 
   7.1e-19 
  -8.2e-16 
   4.3e-18 
  -2.8e-17 
   2e-18   

QFRC_INVERSE
   0       
   0       
   0       
   0       
   0       
   0       
   0       
   0       
   0       
   0       
   0       
   0       
   0       
   0       
   0       
   0       
   0       
   0       
   0       
   0       
   0       
   0       
   0       
   0       
   0       
   0       
   0       
   0       

CACC
   0         0         0         0         0         0       
   0         0         0         0         0         0       
   0         0         0         0         0         0       
   0         0         0         0         0         0       
   0         0         0         0         0         0       
   0         0         0         0         0         0       
   0         0         0         0         0         0       
   0         0         0         0         0         0       
   0         0         0         0         0         0       
   0         0         0         0         0         0       
   0         0         0         0         0         0       
   0         0         0         0         0         0       
   0         0         0         0         0         0       
   0         0         0         0         0         0       
   0         0         0         0         0         0       
   0         0         0         0         0         0       
   0         0         0         0         0         0       
   0         0         0         0         0         0       
   0         0         0         0         0         0       
   0         0         0         0         0         0       
   0         0         0         0         0         0       
   0         0         0         0         0         0       
   0         0         0         0         0         0       
   0         0         0         0         0         0       
   0         0         0         0         0         0       
   0         0         0         0         0         0       
   0         0         0         0         0         0       
   0         0         0         0         0         0       
   0         0         0         0         0         0       

CFRC_INT
   0         0         0         0         0         0       
   0         0         0         0         0         0       
   0         0         0         0         0         0       
   0         0         0         0         0         0       
   0         0         0         0         0         0       
   0         0         0         0         0         0       
   0         0         0         0         0         0       
   0         0         0         0         0         0       
   0         0         0         0         0         0       
   0         0         0         0         0         0       
   0         0         0         0         0         0       
   0         0         0         0         0         0       
   0         0         0         0         0         0       
   0         0         0         0         0         0       
   0         0         0         0         0         0       
   0         0         0         0         0         0       
   0         0         0         0         0         0       
   0         0         0         0         0         0       
   0         0         0         0         0         0       
   0         0         0         0         0         0       
   0         0         0         0         0         0       
   0         0         0         0         0         0       
   0         0         0         0         0         0       
   0         0         0         0         0         0       
   0         0         0         0         0         0       
   0         0         0         0         0         0       
   0         0         0         0         0         0       
   0         0         0         0         0         0       
   0         0         0         0         0         0       

CFRC_EXT
   0         0         0         0         0         0       
   0         0         0         0         0         0       
   0         0         0         0         0         0       
   0         0         0         0         0         0       
   0         0         0         0         0         0       
   0         0         0         0         0         0       
   0         0         0         0         0         0       
   0         0         0         0         0         0       
   0         0         0         0         0         0       
   0         0         0         0         0         0       
   0         0         0         0         0         0       
   0         0         0         0         0         0       
   0         0         0         0         0         0       
   0         0         0         0         0         0       
   0         0         0         0         0         0       
   0         0         0         0         0         0       
   0         0         0         0         0         0       
   0         0         0         0         0         0       
   0         0         0         0         0         0       
   0         0         0         0         0         0       
   0         0         0         0         0         0       
   0         0         0         0         0         0       
   0         0         0         0         0         0       
   0         0         0         0         0         0       
   0         0         0         0         0         0       
   0         0         0         0         0         0       
   0         0         0         0         0         0       
   0         0         0         0         0         0       
   0         0         0         0         0         0       

TREE_ISLAND
  0 1 2 3

ISLAND_NTREE
  1 1 1 1

ISLAND_ITREEADR
  0 1 2 3

MAP_ITREE2TREE
  0 1 2 3

DOF_ISLAND            0 0 0 0 0 0 1 1 1 1 1 1 1 1 2 2 2 2 2 2 2 2 3 3 3 3 3 3

ISLAND_NV             6 8 8 6

ISLAND_IDOFADR        0 6 14 22

MAP_IDOF2DOF          0 1 2 3 4 5 | 6 7 8 9 10 11 12 13 | 14 15 16 17 18 19 20 21 | 22 23 24 25 26 27

EFC_ISLAND            1 2 1 1 1 1 1 1 2 2 2 2 2 2 3 3 3 3 3 3 3 0 0 0 0 0 0

ISLAND_NEFC           6 7 7 7

ISLAND_IEFCADR        0 6 13 20

MAP_IEFC2EFC          21 22 23 24 25 26 | 0 2 3 4 5 6 7 | 1 8 9 10 11 12 13 | 14 15 16 17 18 19 20

